assembly_id,category,logical_character_id,display_name,visual_root,visual_variant,state,assembly_kind,mesh_count,skeletal_mesh_count,static_mesh_count,role_mesh_count,weapon_mesh_count,pet_mesh_count,summon_mesh_count,prop_mesh_count,state_mesh_count,maximum_lod_count,unique_skeleton_count,reference_bones_unique,skeleton_asset_bones_unique,animation_count_all,animation_duration_all_seconds,animation_count_core,animation_duration_core_seconds,material_package_count,texture_count
Boss/AshleyBoss/Default,Boss,Boss/AshleyBoss,AshleyBoss,Boss/AshleyBoss,Default,Default,character_assembly,9,8,1,5,4,0,0,0,0,5,3,536,537,184,495.06666517071426,145,294.29999822191894,21,81
Boss/AshleyBoss/InCar,Boss,Boss/AshleyBoss,AshleyBoss,Boss/AshleyBoss,Default,InCar,character_assembly,8,5,3,0,0,0,0,0,8,5,5,1654,1654,183,377.966665931046,179,315.8666665032506,28,100
Boss/ChavAlex/Default,Boss,Boss/ChavAlex,ChavAlex,Boss/ChavAlex,Default,Default,character_assembly,6,6,0,3,3,0,0,0,0,5,4,300,300,113,342.78333520516753,113,342.78333520516753,10,41
Boss/ChavBobo/Default,Boss,Boss/ChavBobo,ChavBobo,Boss/ChavBobo,Default,Default,character_assembly,5,5,0,3,2,0,0,0,0,5,3,248,249,133,405.83333482965827,128,385.3333345912397,10,37
Boss/ChavCaesar/Default,Boss,Boss/ChavCaesar,ChavCaesar,Boss/ChavCaesar,Default,Default,character_assembly,5,5,0,3,2,0,0,0,0,5,3,339,342,118,332.16666820272803,118,332.16666820272803,10,34
Boss/EliteKnight/Default,Boss,Boss/EliteKnight,EliteKnight,Boss/EliteKnight,Default,Default,character_assembly,6,6,0,1,5,0,0,0,0,5,6,378,379,71,237.76666773483157,71,237.76666773483157,8,33
Boss/KnightStatue/Default,Boss,Boss/KnightStatue,KnightStatue,Boss/KnightStatue,Default,Default,character_assembly,3,3,0,1,2,0,0,0,0,5,3,213,213,100,266.1666679047048,86,221.5666671656072,7,22
Boss/KnightStatueScb/Default,Boss,Boss/KnightStatueScb,KnightStatueScb,Boss/KnightStatueScb,Default,Default,character_assembly,1,1,0,1,0,0,0,0,0,5,1,464,464,100,292.63333329185843,94,282.33333333954215,6,22
Boss/Manager/Default,Boss,Boss/Manager,Manager,Boss/Manager,Default,Default,character_assembly,8,8,0,1,7,0,0,0,0,5,8,582,582,150,772.9500040598214,104,383.44999750331044,6,15
Boss/Paraffin/Default,Boss,Boss/Paraffin,Paraffin,Boss/Paraffin,Default,Default,character_assembly,4,4,0,4,0,0,0,0,0,5,4,474,474,239,626.4166600126773,202,546.7833268661052,7,16
Boss/Predator/Default,Boss,Boss/Predator,Predator,Boss/Predator,Default,Default,character_assembly,1,1,0,1,0,0,0,0,0,5,1,308,331,90,212.5666675567627,90,212.5666675567627,4,14
Boss/QuarterBack/Default,Boss,Boss/QuarterBack,QuarterBack,Boss/QuarterBack,Default,Default,character_assembly,3,3,0,2,1,0,0,0,0,5,2,222,235,104,244.78333372436464,104,244.78333372436464,8,25
Boss/RedBack/Default,Boss,Boss/RedBack,RedBack,Boss/RedBack,Default,Default,character_assembly,2,2,0,1,1,0,0,0,0,5,2,312,312,143,358.65000201389194,94,265.7833349816501,8,32
Boss/RexBoss/Default,Boss,Boss/RexBoss,RexBoss,Boss/RexBoss,Default,Default,character_assembly,8,8,0,6,1,1,0,0,0,5,2,511,511,264,984.0333305932581,156,522.2500006295741,18,67
Boss/Supervisor/Default,Boss,Boss/Supervisor,Supervisor,Boss/Supervisor,Default,Default,character_assembly,7,7,0,1,6,0,0,0,0,5,7,414,423,173,648.8166653160006,153,522.0833331886679,8,26
Boss/Vulture/Default,Boss,Boss/Vulture,Vulture,Boss/Vulture,Default,Default,character_assembly,1,1,0,1,0,0,0,0,0,5,1,481,586,74,230.81666531041265,74,230.81666531041265,9,40
Hero/Alf/Default/Combat,Hero,Hero/Alf,Alf,Hero/Alf/Default,Default,Combat,character_assembly,8,8,0,4,4,0,0,0,0,5,5,538,538,1684,6484.733343651518,948,2276.850007256493,28,87
Hero/Alf/Default/Show,Hero,Hero/Alf,Alf,Hero/Alf/Default,Default,Show,character_assembly,2,2,0,1,1,0,0,0,0,5,2,437,437,1632,6187.983341677114,920,2175.9666730295867,8,21
Hero/Argos/Default/Combat,Hero,Hero/Argos,Argos,Hero/Argos/Default,Default,Combat,character_assembly,9,9,0,4,5,0,0,0,0,5,6,409,410,877,2135.849996296689,776,1517.2666668575257,16,59
Hero/Argos/Default/Show,Hero,Hero/Argos,Argos,Hero/Argos/Default,Default,Show,character_assembly,1,1,0,1,0,0,0,0,0,1,1,368,368,840,1864.3499980848283,772,1461.800000635907,6,12
Hero/Ashley/Default/Combat,Hero,Hero/Ashley,Ashley,Hero/Ashley/Default,Default,Combat,character_assembly,12,11,1,4,8,0,0,0,0,5,7,1528,1565,860,2221.5666710585356,798,1730.1000000350177,26,95
Hero/Ashley/Default/Show,Hero,Hero/Ashley,Ashley,Hero/Ashley/Default,Default,Show,character_assembly,2,2,0,1,1,0,0,0,0,5,2,862,862,813,1981.1500036939979,769,1638.633333671838,15,33
Hero/Ashley/World/Combat,Hero,Hero/Ashley,Ashley,Hero/Ashley/World,World,Combat,character_assembly,4,4,0,4,0,0,0,0,0,5,1,466,466,11,72.06666684150696,10,56.06666684150696,12,44
Hero/Bentham/Default/Combat,Hero,Hero/Bentham,Bentham,Hero/Bentham/Default,Default,Combat,character_assembly,5,5,0,4,1,0,0,0,0,5,2,484,486,873,2576.533336026594,777,1804.233337862417,17,59
Hero/Bentham/Default/Show,Hero,Hero/Bentham,Bentham,Hero/Bentham/Default,Default,Show,character_assembly,3,3,0,1,2,0,0,0,0,5,3,514,516,879,2637.083336217329,767,1718.4166710209101,9,23
Hero/Cynthia/Default/Combat,Hero,Hero/Cynthia,Cynthia,Hero/Cynthia/Default,Default,Combat,character_assembly,11,11,0,4,3,4,0,0,0,5,7,706,728,1886,7311.916649842635,998,2364.3666596952826,25,98
Hero/Cynthia/Default/Show,Hero,Hero/Cynthia,Cynthia,Hero/Cynthia/Default,Default,Show,character_assembly,2,2,0,1,1,0,0,0,0,5,2,382,382,1520,5242.466662297025,769,1610.649999300018,8,22
Hero/Firtho/Default/Combat,Hero,Hero/Firtho,Firtho,Hero/Firtho/Default,Default,Combat,character_assembly,5,5,0,3,2,0,0,0,0,5,3,398,398,2014,8419.433332478628,848,1965.9333332758397,14,49
Hero/Firtho/Default/Show,Hero,Hero/Firtho,Firtho,Hero/Firtho/Default,Default,Show,character_assembly,1,1,0,1,0,0,0,0,0,1,1,379,379,1977,8268.149999918416,829,1914.816666746512,6,12
Hero/Gratia/Default/Combat,Hero,Hero/Gratia,Gratia,Hero/Gratia/Default,Default,Combat,character_assembly,8,8,0,4,4,0,0,0,0,5,5,546,559,1411,5387.266668682918,801,1920.3666635658592,26,86
Hero/Gratia/Default/Show,Hero,Hero/Gratia,Gratia,Hero/Gratia/Default,Default,Show,character_assembly,1,1,0,1,0,0,0,0,0,1,1,511,524,1357,5054.700002422556,778,1841.6333310361952,7,13
Hero/Grimm/Default/Combat,Hero,Hero/Grimm,Grimm,Hero/Grimm/Default,Default,Combat,character_assembly,12,12,0,5,7,0,0,0,0,5,8,411,417,1023,2961.716665139422,823,1734.4833310451359,16,53
Hero/Grimm/Default/Show,Hero,Hero/Grimm,Grimm,Hero/Grimm/Default,Default,Show,character_assembly,1,1,0,1,0,0,0,0,0,1,1,376,376,937,2396.4499984476715,785,1573.0499996934086,7,13
Hero/Guna/Default/Combat,Hero,Hero/Guna,Guna,Hero/Guna/Default,Default,Combat,character_assembly,5,5,0,4,1,0,0,0,0,5,1,499,510,482,994.6499971840531,451,702.7166649792343,13,57
Hero/Guna/Default/Show,Hero,Hero/Guna,Guna,Hero/Guna/Default,Default,Show,character_assembly,4,4,0,1,3,0,0,0,0,5,4,536,536,509,1318.7666645217687,464,786.9666655231267,9,21
Hero/Hugin/Default/Combat,Hero,Hero/Hugin,Hugin,Hero/Hugin/Default,Default,Combat,character_assembly,8,8,0,6,2,0,0,0,0,5,3,536,536,7586,32058.58331834711,989,2513.800002211705,20,67
Hero/Hugin/Default/Show,Hero,Hero/Hugin,Hugin,Hero/Hugin/Default,Default,Show,character_assembly,3,2,1,1,2,0,0,0,0,5,2,509,509,7333,31339.183320039883,983,2497.2000023368746,8,19
Hero/Lisa/Default/Combat,Hero,Hero/Lisa,Lisa,Hero/Lisa/Default,Default,Combat,character_assembly,13,13,0,4,8,1,0,0,0,5,10,1112,1117,587,2057.449996119365,499,1052.166667824611,20,74
Hero/Lisa/Default/Show,Hero,Hero/Lisa,Lisa,Hero/Lisa/Default,Default,Show,character_assembly,1,1,0,1,0,0,0,0,0,1,1,509,514,470,1016.2499989513308,440,708.4499997142702,7,16
Hero/Lorin/Default/Combat,Hero,Hero/Lorin,Lorin,Hero/Lorin/Default,Default,Combat,character_assembly,6,6,0,4,2,0,0,0,0,5,3,336,336,2019,7434.6333396956325,860,1766.7999993935227,18,59
Hero/Lorin/Default/Show,Hero,Hero/Lorin,Lorin,Hero/Lorin/Default,Default,Show,character_assembly,1,1,0,1,0,0,0,0,0,1,1,312,312,2010,7412.133339457214,860,1766.7999993935227,6,12
Hero/Munin/Default/Combat,Hero,Hero/Munin,Munin,Hero/Munin/Default,Default,Combat,character_assembly,8,8,0,6,2,0,0,0,0,5,3,434,438,9267,37825.98333297297,1191,3017.0499994568527,19,69
Hero/Munin/Default/Show,Hero,Hero/Munin,Munin,Hero/Munin/Default,Default,Show,character_assembly,8,7,1,1,7,0,0,0,0,5,7,456,481,8794,36588.216665979475,1178,2982.3833323977888,15,37
Hero/Rex/Default/Combat,Hero,Hero/Rex,Rex,Hero/Rex/Default,Default,Combat,character_assembly,6,6,0,5,1,0,0,0,0,5,1,410,410,1001,2976.9333310816437,718,1477.86666453816,14,54
Hero/Rex/Default/Show,Hero,Hero/Rex,Rex,Hero/Rex/Default,Default,Show,character_assembly,1,1,0,1,0,0,0,0,0,1,1,410,410,1001,2976.9333310816437,718,1477.86666453816,7,14
Hero/Rosy/Default/Combat,Hero,Hero/Rosy,Rosy,Hero/Rosy/Default,Default,Combat,character_assembly,12,12,0,4,8,0,0,0,0,5,7,690,714,1585,6857.500009045005,842,2210.166672334075,23,76
Hero/Rosy/Default/Show,Hero,Hero/Rosy,Rosy,Hero/Rosy/Default,Default,Show,character_assembly,9,9,0,1,8,0,0,0,0,5,9,581,828,1616,7219.216671481729,840,2200.7333389371634,10,32
Mob/Bayonet/MaidBayonet/Default,Mob,Mob/Bayonet/MaidBayonet,MaidBayonet,Mob/Bayonet/MaidBayonet,Default,Default,character_assembly,6,6,0,2,4,0,0,0,0,5,5,384,384,258,583.14999900572,223,480.61666558496654,10,40
Mob/CandleMob/CandleStub/Default,Mob,Mob/CandleMob/CandleStub,CandleStub,Mob/CandleMob/CandleStub,Default,Default,character_assembly,1,1,0,1,0,0,0,0,0,5,1,32,32,42,57.66666661389172,42,57.66666661389172,1,4
Mob/CandleMob/Candleman/Default,Mob,Mob/CandleMob/Candleman,Candleman,Mob/CandleMob/Candleman,Default,Default,character_assembly,3,3,0,3,0,0,0,0,0,5,3,316,323,363,715.4333340674639,103,232.6333339959383,5,18
Mob/Cargo/CargoProtector/Default,Mob,Mob/Cargo/CargoProtector,CargoProtector,Mob/Cargo/CargoProtector,Default,Default,character_assembly,1,1,0,1,0,0,0,0,0,5,1,162,162,82,224.0666681136936,82,224.0666681136936,1,4
Mob/ChastDefault/Chastener/Default,Mob,Mob/ChastDefault/Chastener,Chastener,Mob/ChastDefault/Chastener,Default,Default,character_assembly,1,1,0,1,0,0,0,0,0,5,1,185,191,117,288.48333466798067,117,288.48333466798067,3,14
Mob/Chav/ChavChubby/Default,Mob,Mob/Chav/ChavChubby,ChavChubby,Mob/Chav/ChavChubby,Default,Default,character_assembly,1,1,0,1,0,0,0,0,0,5,1,160,208,127,281.91666673123837,127,281.91666673123837,5,21
Mob/Cicada/Default,Mob,Mob/Cicada,Cicada,Mob/Cicada,Default,Default,character_assembly,2,2,0,2,0,0,0,0,0,5,2,201,201,0,0,0,0,2,8
Mob/Debt/DebtCollector/Default,Mob,Mob/Debt/DebtCollector,DebtCollector,Mob/Debt/DebtCollector,Default,Default,character_assembly,2,2,0,1,1,0,0,0,0,5,2,247,247,123,310.94999989680946,121,291.8499999921769,5,19
Mob/DroneDefault/Default,Mob,Mob/DroneDefault,DroneDefault,Mob/DroneDefault,Default,Default,character_assembly,2,2,0,1,1,0,0,0,0,5,2,33,33,79,84.98333354853094,79,84.98333354853094,2,8
Mob/Female/EnforcerFemale/Default,Mob,Mob/Female/EnforcerFemale,EnforcerFemale,Mob/Female/EnforcerFemale,Default,Default,character_assembly,3,3,0,1,2,0,0,0,0,5,3,145,153,126,320.8833302985877,126,320.8833302985877,5,21
Mob/Female/EnforcerIron/Default,Mob,Mob/Female/EnforcerIron,EnforcerIron,Mob/Female/EnforcerIron,Default,Default,character_assembly,2,2,0,1,1,0,0,0,0,5,2,274,274,113,250.94999910704792,113,250.94999910704792,5,23
Mob/Female/HoodieWoman/Default,Mob,Mob/Female/HoodieWoman,HoodieWoman,Mob/Female/HoodieWoman,Default,Default,character_assembly,3,2,1,1,2,0,0,0,0,5,2,152,152,231,660.7166667860001,231,660.7166667860001,5,25
Mob/Fish/SilverFish/Default,Mob,Mob/Fish/SilverFish,SilverFish,Mob/Fish/SilverFish,SilverFish,Default,character_assembly,1,1,0,1,0,0,0,0,0,5,1,16,16,66,109.59999988228083,66,109.59999988228083,1,4
Mob/Fish/SilverFishEletrical/Default,Mob,Mob/Fish/SilverFish,SilverFish,Mob/Fish/SilverFishEletrical,SilverFishEletrical,Default,character_assembly,1,1,0,1,0,0,0,0,0,5,1,16,16,66,109.59999988228083,66,109.59999988228083,3,15
Mob/Fish/SilverFishFallout/Default,Mob,Mob/Fish/SilverFish,SilverFish,Mob/Fish/SilverFishFallout,SilverFishFallout,Default,character_assembly,1,1,0,1,0,0,0,0,0,5,1,16,16,66,109.59999988228083,66,109.59999988228083,3,14
Mob/Fish/SilverFishFire/Default,Mob,Mob/Fish/SilverFish,SilverFish,Mob/Fish/SilverFishFire,SilverFishFire,Default,character_assembly,1,1,0,1,0,0,0,0,0,5,1,16,16,66,109.59999988228083,66,109.59999988228083,3,16
Mob/Fish/SilverFishGravity/Default,Mob,Mob/Fish/SilverFish,SilverFish,Mob/Fish/SilverFishGravity,SilverFishGravity,Default,character_assembly,1,1,0,1,0,0,0,0,0,5,1,16,16,66,109.59999988228083,66,109.59999988228083,3,15
Mob/Fish/SilverFishIce/Default,Mob,Mob/Fish/SilverFish,SilverFish,Mob/Fish/SilverFishIce,SilverFishIce,Default,character_assembly,1,1,0,1,0,0,0,0,0,5,1,16,16,66,109.59999988228083,66,109.59999988228083,3,16
Mob/Fish/SilverFishRust/Default,Mob,Mob/Fish/SilverFish,SilverFish,Mob/Fish/SilverFishRust,SilverFishRust,Default,character_assembly,1,1,0,1,0,0,0,0,0,5,1,16,16,66,109.59999988228083,66,109.59999988228083,3,12
Mob/Fish/SilverFishSilver/Default,Mob,Mob/Fish/SilverFish,SilverFish,Mob/Fish/SilverFishSilver,SilverFishSilver,Default,character_assembly,1,1,0,1,0,0,0,0,0,5,1,16,16,66,109.59999988228083,66,109.59999988228083,3,14
Mob/Guard/GuardKnight/Default,Mob,Mob/Guard/GuardKnight,GuardKnight,Mob/Guard/GuardKnight,Default,Default,character_assembly,2,2,0,1,1,0,0,0,0,5,2,175,175,145,391.1500023249537,97,219.68333479203284,3,11
Mob/Harpy/HarpyDefault/Default,Mob,Mob/Harpy/HarpyDefault,HarpyDefault,Mob/Harpy/HarpyDefault,Default,Default,character_assembly,1,1,0,1,0,0,0,0,0,5,1,320,320,90,220.0666657742113,76,175.56666601262987,3,13
Mob/Male/Butler/Default,Mob,Mob/Male/Butler,Butler,Mob/Male/Butler,Default,Default,character_assembly,5,3,2,1,4,0,0,0,0,5,3,156,161,134,329.4999990109354,110,220.76666566170752,5,23
Mob/Male/Enforcer/Default,Mob,Mob/Male/Enforcer,Enforcer,Mob/Male/Enforcer,Default,Default,character_assembly,10,10,0,4,6,0,0,0,0,5,9,412,412,378,1108.816679013893,290,588.6333347987384,11,38
Mob/Male/EnforcerLeader/Default,Mob,Mob/Male/EnforcerLeader,EnforcerLeader,Mob/Male/EnforcerLeader,Default,Default,character_assembly,3,3,0,2,1,0,0,0,0,5,2,185,185,131,457.0333334300667,103,336.7666652891785,3,13
Mob/Male/HoodieLeader/Default,Mob,Mob/Male/HoodieLeader,HoodieLeader,Mob/Male/HoodieLeader,Default,Default,character_assembly,5,3,2,1,4,0,0,0,0,5,3,142,151,102,223.40000152029097,102,223.40000152029097,5,26
Mob/Male/HoodieMan/Default,Mob,Mob/Male/HoodieMan,HoodieMan,Mob/Male/HoodieMan,Default,Default,character_assembly,3,2,1,1,2,0,0,0,0,5,2,130,130,240,695.083331881091,239,694.6666652243584,4,18
Mob/Male/Ork/Default,Mob,Mob/Male/Ork,Ork,Mob/Male/Ork,Default,Default,character_assembly,7,4,3,1,6,0,0,0,0,5,4,136,136,101,223.05000011250377,101,223.05000011250377,3,12
Mob/Male/Thug/Default,Mob,Mob/Male/Thug,Thug,Mob/Male/Thug,Default,Default,character_assembly,5,3,2,1,4,0,0,0,0,5,3,127,127,207,536.4499981645495,112,291.91666510142386,5,23
Mob/Male/TraineeKnight/Default,Mob,Mob/Male/TraineeKnight,TraineeKnight,Mob/Male/TraineeKnight,Default,Default,character_assembly,4,4,0,1,3,0,0,0,0,5,4,243,244,394,1092.9500029347837,159,314.38333251699805,5,20
Mob/Manhole/ManholeCover/Default,Mob,Mob/Manhole/ManholeCover,ManholeCover,Mob/Manhole/ManholeCover,Default,Default,character_assembly,2,2,0,2,0,0,0,0,0,5,2,17,17,19,26.6333332862705,19,26.6333332862705,1,6
Mob/RabiesFemale/RabiesMaba/Default,Mob,Mob/RabiesFemale/RabiesMaba,RabiesMaba,Mob/RabiesFemale/RabiesMaba,Default,Default,character_assembly,2,2,0,1,1,0,0,0,0,5,2,171,171,109,258.71666588820517,109,258.71666588820517,6,28
Mob/RabiesMale/RabiesPaba/Default,Mob,Mob/RabiesMale/RabiesPaba,RabiesPaba,Mob/RabiesMale/RabiesPaba,Default,Default,character_assembly,1,1,0,1,0,0,0,0,0,5,1,141,141,105,244.61666669882834,105,244.61666669882834,5,28
Mob/Shield/MaidShield/Default,Mob,Mob/Shield/MaidShield,MaidShield,Mob/Shield/MaidShield,Default,Default,character_assembly,6,6,0,1,5,0,0,0,0,5,6,475,475,142,471.6666680946946,120,379.30000058561563,12,45
Mob/WaxMaskMan/WaxMaskMale/Default,Mob,Mob/WaxMaskMan/WaxMaskMale,WaxMaskMale,Mob/WaxMaskMan/WaxMaskMale,Default,Default,character_assembly,1,1,0,1,0,0,0,0,0,5,1,141,141,215,492.54999894835055,79,180.71666673757136,4,20
Mob/WaxMaskWoman/WaxMaskFemale/Default,Mob,Mob/WaxMaskWoman/WaxMaskFemale,WaxMaskFemale,Mob/WaxMaskWoman/WaxMaskFemale,Default,Default,character_assembly,2,2,0,1,1,0,0,0,0,5,2,229,266,158,357.15000087954104,84,185.1500013563782,4,19
Mob/Werewolf/WerewolfDefault/Default,Mob,Mob/Werewolf/WerewolfDefault,WerewolfDefault,Mob/Werewolf/WerewolfDefault,Default,Default,character_assembly,1,1,0,1,0,0,0,0,0,5,1,222,224,187,400.06666925922036,92,198.23333451524377,3,19
NPC/Class_A/201005/Default,NPC,NPC/Class_A/201005,201005,NPC/Class_A/201005,Default,Default,complete_npc,3,3,0,3,0,0,0,0,0,5,1,337,337,38,223.5666647553444,1,32.266666412353516,8,27
NPC/Class_A/201016/Default,NPC,NPC/Class_A/201016,201016,NPC/Class_A/201016,Default,Default,complete_npc,4,4,0,4,0,0,0,0,0,5,1,219,219,0,0,0,0,9,32
NPC/Class_A/203016/Default,NPC,NPC/Class_A/203016,203016,NPC/Class_A/203016,Default,Default,complete_npc,1,1,0,1,0,0,0,0,0,5,1,90,90,5,37.98333413153887,2,0.06666667014360428,1,6
NPC/Class_A/203017/Default,NPC,NPC/Class_A/203017,203017,NPC/Class_A/203017,Default,Default,complete_npc,1,1,0,1,0,0,0,0,0,5,1,90,90,4,32.59166628867388,2,0.06666667014360428,2,6
NPC/Class_A/203018/Default,NPC,NPC/Class_A/203018,203018,NPC/Class_A/203018,Default,Default,complete_npc,1,1,0,1,0,0,0,0,0,5,1,90,90,0,0,0,0,2,4
NPC/Class_A/210001/Default,NPC,NPC/Class_A/210001,210001,NPC/Class_A/210001,Default,Default,complete_npc,4,4,0,4,0,0,0,0,0,5,1,217,217,76,154.6999999433756,41,3.03333343565464,10,37
NPC/Class_A/210002/Default,NPC,NPC/Class_A/210002,210002,NPC/Class_A/210002,Default,Default,complete_npc,4,4,0,4,0,0,0,0,0,5,1,325,325,105,193.5000001117587,53,12.000000171363354,10,37
NPC/Class_A/210003/Default,NPC,NPC/Class_A/210003,210003,NPC/Class_A/210003,Default,Default,complete_npc,3,3,0,3,0,0,0,0,0,5,1,246,246,85,140.59999970719218,35,1.1666667275130749,9,35
NPC/Class_A/210004/Default,NPC,NPC/Class_A/210004,210004,NPC/Class_A/210004,Default,Default,complete_npc,4,4,0,4,0,0,0,0,0,5,1,233,235,78,182.83333027362823,41,1.6666667461395264,10,39
NPC/Class_A/210005/Default,NPC,NPC/Class_A/210005,210005,NPC/Class_A/210005,Default,Default,complete_npc,4,4,0,4,0,0,0,0,0,5,1,202,202,90,320.23333356156945,1,0.03333333507180214,10,38
NPC/Class_A/210006/Default,NPC,NPC/Class_A/210006,210006,NPC/Class_A/210006,Default,Default,complete_npc,3,3,0,3,0,0,0,0,0,5,1,242,325,45,249.566665828228,0,0,9,32
NPC/Class_A/210007/Default,NPC,NPC/Class_A/210007,210007,NPC/Class_A/210007,Default,Default,complete_npc,4,4,0,4,0,0,0,0,0,5,1,276,276,112,264.36666697636247,41,1.3666667379438877,10,35
NPC/Class_A/210008/Default,NPC,NPC/Class_A/210008,210008,NPC/Class_A/210008,Default,Default,complete_npc,4,4,0,4,0,0,0,0,0,5,1,254,256,120,378.13333374261856,0,0,10,36
NPC/Class_A/210009/Default,NPC,NPC/Class_A/210009,210009,NPC/Class_A/210009,Default,Default,complete_npc,3,3,0,3,0,0,0,0,0,5,1,221,221,68,94.19999903813004,41,1.3666667379438877,9,31
NPC/Class_A/210010/Default,NPC,NPC/Class_A/210010,210010,NPC/Class_A/210010,Default,Default,complete_npc,3,3,0,3,0,0,0,0,0,5,1,236,236,38,146.6999997496605,0,0,8,32
NPC/Class_A/210011/Default,NPC,NPC/Class_A/210011,210011,NPC/Class_A/210011,Default,Default,complete_npc,3,3,0,3,0,0,0,0,0,5,1,206,206,45,233.26666796207428,0,0,8,27
NPC/Class_A/210012/Default,NPC,NPC/Class_A/210012,210012,NPC/Class_A/210012,Default,Default,complete_npc,3,3,0,3,0,0,0,0,0,5,1,206,247,35,190.3499994277954,1,2.0,7,27
NPC/Class_A/210013/Default,NPC,NPC/Class_A/210013,210013,NPC/Class_A/210013,Default,Default,complete_npc,3,3,0,3,0,0,0,0,0,5,1,191,191,113,479.7333313561976,16,36.933333192020655,8,27
NPC/Class_A/210014/Default,NPC,NPC/Class_A/210014,210014,NPC/Class_A/210014,Default,Default,complete_npc,4,4,0,4,0,0,0,0,0,5,1,241,327,54,139.7333334684372,0,0,8,34
NPC/Class_A/210015/Default,NPC,NPC/Class_A/210015,210015,NPC/Class_A/210015,Default,Default,complete_npc,4,4,0,4,0,0,0,0,0,5,1,202,287,35,118.03333365917206,0,0,8,33
NPC/Class_A/210016/Default,NPC,NPC/Class_A/210016,210016,NPC/Class_A/210016,Default,Default,complete_npc,3,3,0,3,0,0,0,0,0,5,1,244,244,42,171.63333233445883,0,0,9,34
NPC/Class_A/210017/Default,NPC,NPC/Class_A/210017,210017,NPC/Class_A/210017,Default,Default,complete_npc,3,3,0,3,0,0,0,0,0,5,1,207,207,36,110.60000079870224,1,2.0,8,27
NPC/Class_A/210018/Default,NPC,NPC/Class_A/210018,210018,NPC/Class_A/210018,Default,Default,complete_npc,1,1,0,1,0,0,0,0,0,5,1,190,190,18,95.53333313018084,3,1.8000000193715096,2,8
NPC/Class_A/210019/Default,NPC,NPC/Class_A/210019,210019,NPC/Class_A/210019,Default,Default,complete_npc,4,4,0,4,0,0,0,0,0,5,1,241,327,27,130.30000054836273,0,0,8,32
NPC/Class_A/210020/Default,NPC,NPC/Class_A/210020,210020,NPC/Class_A/210020,Default,Default,complete_npc,4,4,0,4,0,0,0,0,0,5,1,195,195,138,158.6666692942381,138,158.6666692942381,10,36
NPC/Class_A/210021/Default,NPC,NPC/Class_A/210021,210021,NPC/Class_A/210021,Default,Default,complete_npc,4,4,0,4,0,0,0,0,0,5,1,237,237,5,36.06666660308838,0,0,9,38
NPC/Class_A/210022/Default,NPC,NPC/Class_A/210022,210022,NPC/Class_A/210022,Default,Default,complete_npc,3,3,0,3,0,0,0,0,0,5,1,264,264,52,183.73333401232958,4,18.333333678543568,9,33
NPC/Class_A/210023/Default,NPC,NPC/Class_A/210023,210023,NPC/Class_A/210023,Default,Default,complete_npc,4,4,0,4,0,0,0,0,0,5,1,285,285,2,4.433333158493042,0,0,10,37
NPC/Class_A/210024/Default,NPC,NPC/Class_A/210024,210024,NPC/Class_A/210024,Default,Default,complete_npc,3,3,0,3,0,0,0,0,0,5,1,208,307,12,45.36666679382324,0,0,8,27
NPC/Class_A/210025/Default,NPC,NPC/Class_A/210025,210025,NPC/Class_A/210025,Default,Default,complete_npc,3,3,0,3,0,0,0,0,0,5,1,249,370,188,921.9333354234695,0,0,9,32
NPC/Class_A/210026/Default,NPC,NPC/Class_A/210026,210026,NPC/Class_A/210026,Default,Default,complete_npc,3,3,0,3,0,0,0,0,0,5,1,292,292,53,319.73333394527435,1,31.33333396911621,9,31
NPC/Class_A/210027/Default,NPC,NPC/Class_A/210027,210027,NPC/Class_A/210027,Default,Default,complete_npc,3,3,0,3,0,0,0,0,0,5,1,223,223,15,34.56666720658541,2,0.06666667014360428,9,33
NPC/Class_A/210028/Default,NPC,NPC/Class_A/210028,210028,NPC/Class_A/210028,Default,Default,complete_npc,4,4,0,4,0,0,0,0,0,5,1,236,236,30,102.13333463668823,0,0,10,36
NPC/Class_A/210029/Default,NPC,NPC/Class_A/210029,210029,NPC/Class_A/210029,Default,Default,complete_npc,3,3,0,3,0,0,0,0,0,5,1,260,260,21,93.76666736602783,0,0,9,32
NPC/Class_A/210030/Default,NPC,NPC/Class_A/210030,210030,NPC/Class_A/210030,Default,Default,complete_npc,3,3,0,3,0,0,0,0,0,5,1,256,256,3,8.600000023841858,0,0,9,34
NPC/Class_A/210031/Default,NPC,NPC/Class_A/210031,210031,NPC/Class_A/210031,Default,Default,complete_npc,3,3,0,3,0,0,0,0,0,5,1,191,191,2,0.06666667014360428,2,0.06666667014360428,8,34
NPC/Class_A/210032/Default,NPC,NPC/Class_A/210032,210032,NPC/Class_A/210032,Default,Default,complete_npc,3,3,0,3,0,0,0,0,0,5,1,191,191,24,162.4000015258789,0,0,7,29
NPC/Class_A/210033/Default,NPC,NPC/Class_A/210033,210033,NPC/Class_A/210033,Default,Default,complete_npc,3,3,0,3,0,0,0,0,0,5,1,228,234,28,143.4999998807907,0,0,8,28
NPC/Class_A/210034/Default,NPC,NPC/Class_A/210034,210034,NPC/Class_A/210034,Default,Default,complete_npc,4,4,0,4,0,0,0,0,0,5,1,286,286,117,714.2666686177254,0,0,9,37
NPC/Class_A/210035/Default,NPC,NPC/Class_A/210035,210035,NPC/Class_A/210035,Default,Default,complete_npc,4,4,0,4,0,0,0,0,0,5,1,319,319,77,177.96666623279452,11,0.36666668578982353,10,35
NPC/Class_A/210036/Default,NPC,NPC/Class_A/210036,210036,NPC/Class_A/210036,Default,Default,complete_npc,4,4,0,4,0,0,0,0,0,5,1,236,337,0,0,0,0,9,36
NPC/Class_A/210037/Default,NPC,NPC/Class_A/210037,210037,NPC/Class_A/210037,Default,Default,complete_npc,3,3,0,3,0,0,0,0,0,5,1,201,201,14,10.966666854918003,10,0.3333333507180214,9,32
NPC/Class_A/210038/Default,NPC,NPC/Class_A/210038,210038,NPC/Class_A/210038,Default,Default,complete_npc,4,4,0,4,0,0,0,0,0,5,1,266,266,14,51.26666719093919,11,43.76666719093919,10,37
NPC/Class_A/210039/Default,NPC,NPC/Class_A/210039,210039,NPC/Class_A/210039,Default,Default,complete_npc,4,4,0,4,0,0,0,0,0,5,1,209,209,2,0.06666667014360428,2,0.06666667014360428,10,36
NPC/Class_A/210040/Default,NPC,NPC/Class_A/210040,210040,NPC/Class_A/210040,Default,Default,complete_npc,3,3,0,3,0,0,0,0,0,5,1,240,240,13,10.933333493769169,10,0.3333333507180214,9,35
NPC/Class_A/210041/Default,NPC,NPC/Class_A/210041,210041,NPC/Class_A/210041,Default,Default,complete_npc,3,3,0,3,0,0,0,0,0,5,1,223,223,35,1.1666667275130749,35,1.1666667275130749,8,27
NPC/Class_A/210042/Default,NPC,NPC/Class_A/210042,210042,NPC/Class_A/210042,Default,Default,complete_npc,3,3,0,3,0,0,0,0,0,5,1,221,221,43,1.7666667476296425,43,1.7666667476296425,9,35
NPC/Class_A/210043/Default,NPC,NPC/Class_A/210043,210043,NPC/Class_A/210043,Default,Default,complete_npc,3,3,0,3,0,0,0,0,0,5,1,190,190,35,1.1666667275130749,35,1.1666667275130749,9,31
NPC/Class_A/210044/Default,NPC,NPC/Class_A/210044,210044,NPC/Class_A/210044,Default,Default,complete_npc,3,3,0,3,0,0,0,0,0,5,1,191,191,9,44.8666672706604,0,0,7,24
NPC/Class_A/210045/Default,NPC,NPC/Class_A/210045,210045,NPC/Class_A/210045,Default,Default,complete_npc,4,4,0,4,0,0,0,0,0,5,1,258,354,8,27.566667146980762,2,0.06666667014360428,9,36
NPC/Class_A/210046/Default,NPC,NPC/Class_A/210046,210046,NPC/Class_A/210046,Default,Default,complete_npc,4,4,0,4,0,0,0,0,0,5,1,346,346,45,29.233333840966225,36,1.200000062584877,10,37
NPC/Class_A/210047/Default,NPC,NPC/Class_A/210047,210047,NPC/Class_A/210047,Default,Default,complete_npc,4,4,0,4,0,0,0,0,0,5,1,387,387,3,0.10000000521540642,3,0.10000000521540642,10,36
NPC/Class_A/210048/Default,NPC,NPC/Class_A/210048,210048,NPC/Class_A/210048,Default,Default,complete_npc,4,4,0,4,0,0,0,0,0,5,1,352,352,10,30.066667079925537,0,0,10,36
NPC/Class_A/210049/Default,NPC,NPC/Class_A/210049,210049,NPC/Class_A/210049,Default,Default,complete_npc,4,4,0,4,0,0,0,0,0,5,1,214,214,2,0.06666667014360428,2,0.06666667014360428,10,36
NPC/Class_A/210050/Default,NPC,NPC/Class_A/210050,210050,NPC/Class_A/210050,Default,Default,complete_npc,4,4,0,4,0,0,0,0,0,5,1,267,267,15,106.03333258628845,2,54.66666603088379,10,35
NPC/Class_A/210051/Default,NPC,NPC/Class_A/210051,210051,NPC/Class_A/210051,Default,Default,complete_npc,3,3,0,3,0,0,0,0,0,5,1,242,242,35,1.1666667275130749,35,1.1666667275130749,9,29
NPC/Class_A/210052/Default,NPC,NPC/Class_A/210052,210052,NPC/Class_A/210052,Default,Default,complete_npc,3,3,0,3,0,0,0,0,0,5,1,240,240,10,52.86666837707162,1,0.03333333507180214,9,32
NPC/Class_A/210053/Default,NPC,NPC/Class_A/210053,210053,NPC/Class_A/210053,Default,Default,complete_npc,4,4,0,4,0,0,0,0,0,5,1,291,291,8,27.566667146980762,2,0.06666667014360428,10,36
NPC/Class_A/210054/Default,NPC,NPC/Class_A/210054,210054,NPC/Class_A/210054,Default,Default,complete_npc,3,3,0,3,0,0,0,0,0,5,1,239,239,2,0.06666667014360428,2,0.06666667014360428,9,31
NPC/Class_A/210055/Default,NPC,NPC/Class_A/210055,210055,NPC/Class_A/210055,Default,Default,complete_npc,3,3,0,3,0,0,0,0,0,5,1,234,335,69,249.8999992609024,1,27.866666793823242,8,32
NPC/Class_A/210056/Default,NPC,NPC/Class_A/210056,210056,NPC/Class_A/210056,Default,Default,complete_npc,3,3,0,3,0,0,0,0,0,5,1,313,327,0,0,0,0,9,32
NPC/Class_A/210057/Default,NPC,NPC/Class_A/210057,210057,NPC/Class_A/210057,Default,Default,complete_npc,3,3,0,3,0,0,0,0,0,5,1,191,290,2,0.06666667014360428,2,0.06666667014360428,9,32
NPC/Class_A/210058/Default,NPC,NPC/Class_A/210058,210058,NPC/Class_A/210058,Default,Default,complete_npc,4,4,0,4,0,0,0,0,0,5,1,241,327,21,86.76666700839996,0,0,8,31
NPC/Class_A/210059/Default,NPC,NPC/Class_A/210059,210059,NPC/Class_A/210059,Default,Default,complete_npc,1,1,0,1,0,0,0,0,0,5,1,190,190,2,0.06666667014360428,2,0.06666667014360428,2,10
NPC/Class_A/210060/Default,NPC,NPC/Class_A/210060,210060,NPC/Class_A/210060,Default,Default,complete_npc,3,3,0,3,0,0,0,0,0,5,1,203,203,10,23.300000734627247,2,0.06666667014360428,9,31
NPC/Class_A/210061/Default,NPC,NPC/Class_A/210061,210061,NPC/Class_A/210061,Default,Default,complete_npc,4,4,0,4,0,0,0,0,0,5,1,207,209,42,3.7333334498107433,42,3.7333334498107433,6,29
NPC/Class_A/210062/Default,NPC,NPC/Class_A/210062,210062,NPC/Class_A/210062,Default,Default,complete_npc,3,3,0,3,0,0,0,0,0,5,1,315,315,2,0.06666667014360428,2,0.06666667014360428,9,33
NPC/Class_A/210063/Default,NPC,NPC/Class_A/210063,210063,NPC/Class_A/210063,Default,Default,complete_npc,4,4,0,4,0,0,0,0,0,5,1,297,297,43,1.433333408087492,43,1.433333408087492,10,36
NPC/Class_A/210064/Default,NPC,NPC/Class_A/210064,210064,NPC/Class_A/210064,Default,Default,complete_npc,4,4,0,4,0,0,0,0,0,5,1,230,230,1,5.366666793823242,0,0,5,24
NPC/Class_A/210065/Default,NPC,NPC/Class_A/210065,210065,NPC/Class_A/210065,Default,Default,complete_npc,4,4,0,4,0,0,0,0,0,5,1,288,288,72,260.1666651107371,3,34.29999974742532,10,35
NPC/Class_A/210066/Default,NPC,NPC/Class_A/210066,210066,NPC/Class_A/210066,Default,Default,complete_npc,4,4,0,4,0,0,0,0,0,5,1,257,257,6,37.400000639259815,6,37.400000639259815,10,37
NPC/Class_A/210067/Default,NPC,NPC/Class_A/210067,210067,NPC/Class_A/210067,Default,Default,complete_npc,3,3,0,3,0,0,0,0,0,5,1,249,249,17,80.7000002861023,0,0,9,32
NPC/Class_A/210068/Default,NPC,NPC/Class_A/210068,210068,NPC/Class_A/210068,Default,Default,complete_npc,3,3,0,3,0,0,0,0,0,5,1,237,239,9,10.433333404362202,2,0.06666667014360428,9,30
NPC/Class_A/210069/Default,NPC,NPC/Class_A/210069,210069,NPC/Class_A/210069,Default,Default,complete_npc,3,3,0,3,0,0,0,0,0,5,1,189,189,2,0.06666667014360428,2,0.06666667014360428,8,24
NPC/Class_A/210070/Default,NPC,NPC/Class_A/210070,210070,NPC/Class_A/210070,Default,Default,complete_npc,3,3,0,3,0,0,0,0,0,5,1,213,213,0,0,0,0,9,32
NPC/Class_A/210071/Default,NPC,NPC/Class_A/210071,210071,NPC/Class_A/210071,Default,Default,complete_npc,3,3,0,3,0,0,0,0,0,5,1,206,206,0,0,0,0,9,30
NPC/Class_A/210072/Default,NPC,NPC/Class_A/210072,210072,NPC/Class_A/210072,Default,Default,complete_npc,4,4,0,4,0,0,0,0,0,5,1,354,362,11,30.766667127609253,0,0,10,35
NPC/Class_A/210073/Default,NPC,NPC/Class_A/210073,210073,NPC/Class_A/210073,Default,Default,complete_npc,4,4,0,4,0,0,0,0,0,5,1,441,441,51,140.7999990656972,3,20.066666670143604,10,36
NPC/Class_A/210074/Default,NPC,NPC/Class_A/210074,210074,NPC/Class_A/210074,Default,Default,complete_npc,1,1,0,1,0,0,0,0,0,5,1,320,320,0,0,0,0,3,14
NPC/Class_A/210075/Default,NPC,NPC/Class_A/210075,210075,NPC/Class_A/210075,Default,Default,complete_npc,3,3,0,3,0,0,0,0,0,5,1,276,276,74,453.56666791439056,1,25.66666603088379,9,32
NPC/Class_A/210076/Default,NPC,NPC/Class_A/210076,210076,NPC/Class_A/210076,Default,Default,complete_npc,4,4,0,4,0,0,0,0,0,5,1,229,234,45,27.93333412334323,44,25.766667377203703,10,36
NPC/Class_A/210077/Default,NPC,NPC/Class_A/210077,210077,NPC/Class_A/210077,Default,Default,complete_npc,4,4,0,4,0,0,0,0,0,5,1,266,268,48,27.933333408087492,44,12.433333408087492,10,36
NPC/Class_A/210078/Default,NPC,NPC/Class_A/210078,210078,NPC/Class_A/210078,Default,Default,complete_npc,4,4,0,4,0,0,0,0,0,5,1,313,313,43,74.70000261440873,43,74.70000261440873,10,35
NPC/Class_A/210079/Default,NPC,NPC/Class_A/210079,210079,NPC/Class_A/210079,Default,Default,complete_npc,1,1,0,1,0,0,0,0,0,5,1,320,320,0,0,0,0,3,13
NPC/Class_A/210080/Default,NPC,NPC/Class_A/210080,210080,NPC/Class_A/210080,Default,Default,complete_npc,4,4,0,4,0,0,0,0,0,5,1,313,313,46,150.4666657447815,1,22.399999618530273,10,36
NPC/Class_A/210081/Default,NPC,NPC/Class_A/210081,210081,NPC/Class_A/210081,Default,Default,complete_npc,3,3,0,3,0,0,0,0,0,5,1,203,203,49,6.300000172108412,49,6.300000172108412,8,26
NPC/Class_A/210082/Default,NPC,NPC/Class_A/210082,210082,NPC/Class_A/210082,Default,Default,complete_npc,3,3,0,3,0,0,0,0,0,5,1,191,193,49,6.333333503454924,49,6.333333503454924,7,23
NPC/Class_A/210083/Default,NPC,NPC/Class_A/210083,210083,NPC/Class_A/210083,Default,Default,complete_npc,4,4,0,4,0,0,0,0,0,5,1,193,193,43,1.433333408087492,43,1.433333408087492,9,32
NPC/Class_A/210084/Default,NPC,NPC/Class_A/210084,210084,NPC/Class_A/210084,Default,Default,complete_npc,4,4,0,4,0,0,0,0,0,5,1,401,401,5,14.433333821594715,2,0.06666667014360428,10,36
NPC/Class_A/210085/Default,NPC,NPC/Class_A/210085,210085,NPC/Class_A/210085,Default,Default,complete_npc,3,3,0,3,0,0,0,0,0,5,1,274,366,7,12.233333177864552,2,0.06666667014360428,9,33
NPC/Class_A/210086/Default,NPC,NPC/Class_A/210086,210086,NPC/Class_A/210086,Default,Default,complete_npc,4,4,0,4,0,0,0,0,0,5,1,278,278,2,0.06666667014360428,2,0.06666667014360428,10,35
NPC/Class_A/210087/Default,NPC,NPC/Class_A/210087,210087,NPC/Class_A/210087,Default,Default,complete_npc,4,4,0,4,0,0,0,0,0,5,1,220,220,35,1.1666667275130749,35,1.1666667275130749,8,33
NPC/Class_A/210088/Default,NPC,NPC/Class_A/210088,210088,NPC/Class_A/210088,Default,Default,complete_npc,3,3,0,3,0,0,0,0,0,5,1,254,254,39,3.2666667737066746,39,3.2666667737066746,7,27
NPC/Class_A/210089/Default,NPC,NPC/Class_A/210089,210089,NPC/Class_A/210089,Default,Default,complete_npc,3,3,0,3,0,0,0,0,0,5,1,252,252,2,0.06666667014360428,2,0.06666667014360428,9,32
NPC/Class_A/210090/Default,NPC,NPC/Class_A/210090,210090,NPC/Class_A/210090,Default,Default,complete_npc,3,3,0,3,0,0,0,0,0,5,1,238,238,2,0.06666667014360428,2,0.06666667014360428,7,27
NPC/Class_A/210091/Default,NPC,NPC/Class_A/210091,210091,NPC/Class_A/210091,Default,Default,complete_npc,3,3,0,3,0,0,0,0,0,5,1,237,237,3,0.10000000521540642,3,0.10000000521540642,8,26
NPC/Class_A/210092/Default,NPC,NPC/Class_A/210092,210092,NPC/Class_A/210092,Default,Default,complete_npc,3,3,0,3,0,0,0,0,0,5,1,210,210,0,0,0,0,5,26
NPC/Class_A/210093/Default,NPC,NPC/Class_A/210093,210093,NPC/Class_A/210093,Default,Default,complete_npc,3,3,0,3,0,0,0,0,0,5,1,210,210,0,0,0,0,8,32
NPC/Class_A/210094/Default,NPC,NPC/Class_A/210094,210094,NPC/Class_A/210094,Default,Default,complete_npc,3,3,0,3,0,0,0,0,0,5,1,211,211,0,0,0,0,5,25
NPC/Class_A/210095/Default,NPC,NPC/Class_A/210095,210095,NPC/Class_A/210095,Default,Default,complete_npc,3,3,0,3,0,0,0,0,0,5,1,210,210,0,0,0,0,5,25
NPC/Class_A/210100/Default,NPC,NPC/Class_A/210100,210100,NPC/Class_A/210100,Default,Default,complete_npc,1,1,0,1,0,0,0,0,0,5,1,259,259,0,0,0,0,2,8
NPC/Class_A/210102/Default,NPC,NPC/Class_A/210102,210102,NPC/Class_A/210102,Default,Default,complete_npc,4,4,0,4,0,0,0,0,0,5,1,312,431,131,883.7666700482368,1,15.666666984558105,7,31
NPC/Class_A/210105/Default,NPC,NPC/Class_A/210105,210105,NPC/Class_A/210105,Default,Default,complete_npc,3,3,0,3,0,0,0,0,0,5,1,242,242,51,262.8666673898697,0,0,9,29
NPC/Class_A/210106/Default,NPC,NPC/Class_A/210106,210106,NPC/Class_A/210106,Default,Default,complete_npc,4,4,0,4,0,0,0,0,0,5,1,307,307,90,464.133337110281,0,0,10,33
NPC/Class_A/210107/Default,NPC,NPC/Class_A/210107,210107,NPC/Class_A/210107,Default,Default,complete_npc,4,4,0,4,0,0,0,0,0,5,1,219,255,20,226.7333345413208,0,0,10,36
NPC/Class_A/210110/Default,NPC,NPC/Class_A/210110,210110,NPC/Class_A/210110,Default,Default,complete_npc,3,3,0,3,0,0,0,0,0,5,1,272,272,68,409.73333132267,0,0,9,29
NPC/Class_A/210111/Default,NPC,NPC/Class_A/210111,210111,NPC/Class_A/210111,Default,Default,complete_npc,3,3,0,3,0,0,0,0,0,5,1,193,193,0,0,0,0,4,19
NPC/Class_A/210112/Default,NPC,NPC/Class_A/210112,210112,NPC/Class_A/210112,Default,Default,complete_npc,3,3,0,3,0,0,0,0,0,5,1,189,189,6,0.20000001043081284,6,0.20000001043081284,8,31
NPC/Class_A/210113/Default,NPC,NPC/Class_A/210113,210113,NPC/Class_A/210113,Default,Default,complete_npc,4,4,0,4,0,0,0,0,0,5,1,301,301,3,31.433333907276392,1,0.03333333507180214,10,35
NPC/Class_A/210114/Default,NPC,NPC/Class_A/210114,210114,NPC/Class_A/210114,Default,Default,complete_npc,4,4,0,4,0,0,0,0,0,5,1,272,272,157,1056.599999256432,3,13.73333365470171,10,35
NPC/Class_A/210116/Default,NPC,NPC/Class_A/210116,210116,NPC/Class_A/210116,Default,Default,complete_npc,4,4,0,4,0,0,0,0,0,5,1,217,225,8,16.299999952316284,0,0,9,36
NPC/Class_A/210117/Default,NPC,NPC/Class_A/210117,210117,NPC/Class_A/210117,Default,Default,complete_npc,4,4,0,4,0,0,0,0,0,5,1,281,281,22,50.46666730940342,4,0.13333334028720856,10,35
NPC/Class_A/210118/Default,NPC,NPC/Class_A/210118,210118,NPC/Class_A/210118,Default,Default,complete_npc,3,3,0,3,0,0,0,0,0,5,1,302,302,126,733.5666652172804,2,54.99999809265137,9,32
NPC/Class_A/210119/Default,NPC,NPC/Class_A/210119,210119,NPC/Class_A/210119,Default,Default,complete_npc,4,4,0,4,0,0,0,0,0,5,1,343,343,0,0,0,0,10,35
NPC/Class_A/210120/Default,NPC,NPC/Class_A/210120,210120,NPC/Class_A/210120,Default,Default,complete_npc,4,4,0,4,0,0,0,0,0,5,1,337,337,0,0,0,0,10,36
NPC/Class_A/210121/Default,NPC,NPC/Class_A/210121,210121,NPC/Class_A/210121,Default,Default,complete_npc,3,3,0,3,0,0,0,0,0,5,1,246,246,1,24.600000381469727,1,24.600000381469727,5,24
NPC/Class_A/210122/Default,NPC,NPC/Class_A/210122,210122,NPC/Class_A/210122,Default,Default,complete_npc,3,3,0,3,0,0,0,0,0,5,1,205,205,0,0,0,0,9,31
NPC/Class_A/210123/Default,NPC,NPC/Class_A/210123,210123,NPC/Class_A/210123,Default,Default,complete_npc,3,3,0,3,0,0,0,0,0,5,1,182,182,0,0,0,0,9,31
NPC/Class_A/210124/Default,NPC,NPC/Class_A/210124,210124,NPC/Class_A/210124,Default,Default,complete_npc,3,3,0,3,0,0,0,0,0,5,1,183,183,1,13.866666793823242,1,13.866666793823242,5,24
NPC/Class_A/210125/Default,NPC,NPC/Class_A/210125,210125,NPC/Class_A/210125,Default,Default,complete_npc,4,4,0,4,0,0,0,0,0,5,1,251,251,2,38.933332443237305,2,38.933332443237305,10,35
NPC/Class_A/210126/Default,NPC,NPC/Class_A/210126,210126,NPC/Class_A/210126,Default,Default,complete_npc,4,4,0,4,0,0,0,0,0,5,1,200,200,0,0,0,0,8,33
NPC/Class_A/210127/Default,NPC,NPC/Class_A/210127,210127,NPC/Class_A/210127,Default,Default,complete_npc,4,4,0,4,0,0,0,0,0,5,1,217,219,0,0,0,0,8,33
NPC/Class_A/210128/Default,NPC,NPC/Class_A/210128,210128,NPC/Class_A/210128,Default,Default,complete_npc,3,3,0,3,0,0,0,0,0,5,1,241,253,0,0,0,0,9,31
NPC/Class_A/210129/Default,NPC,NPC/Class_A/210129,210129,NPC/Class_A/210129,Default,Default,complete_npc,3,3,0,3,0,0,0,0,0,5,1,242,242,0,0,0,0,9,29
NPC/Class_A/210130/Default,NPC,NPC/Class_A/210130,210130,NPC/Class_A/210130,Default,Default,complete_npc,3,3,0,3,0,0,0,0,0,5,1,288,288,2,20.866666793823242,2,20.866666793823242,9,29
NPC/Class_A/210131/Default,NPC,NPC/Class_A/210131,210131,NPC/Class_A/210131,Default,Default,complete_npc,4,4,0,4,0,0,0,0,0,5,1,228,228,0,0,0,0,10,33
NPC/Class_A/210132/Default,NPC,NPC/Class_A/210132,210132,NPC/Class_A/210132,Default,Default,complete_npc,4,4,0,4,0,0,0,0,0,5,1,210,210,0,0,0,0,8,33
NPC/Class_A/210133/Default,NPC,NPC/Class_A/210133,210133,NPC/Class_A/210133,Default,Default,complete_npc,3,3,0,3,0,0,0,0,0,5,1,195,197,0,0,0,0,4,19
NPC/Class_A/210134/Default,NPC,NPC/Class_A/210134,210134,NPC/Class_A/210134,Default,Default,complete_npc,2,2,0,2,0,0,0,0,0,5,1,225,225,0,0,0,0,3,13
NPC/Class_A/210135/Default,NPC,NPC/Class_A/210135,210135,NPC/Class_A/210135,Default,Default,complete_npc,1,1,0,1,0,0,0,0,0,5,1,130,130,155,750.783337444067,2,10.333333253860474,2,9
NPC/Class_A/210136/Default,NPC,NPC/Class_A/210136,210136,NPC/Class_A/210136,Default,Default,complete_npc,2,2,0,2,0,0,0,0,0,5,1,185,185,3,29.43333339691162,0,0,3,16
NPC/Class_A/210137/Default,NPC,NPC/Class_A/210137,210137,NPC/Class_A/210137,Default,Default,complete_npc,4,4,0,4,0,0,0,0,0,5,1,233,233,47,122.3666660785675,0,0,10,35
NPC/Class_A/210140/Default,NPC,NPC/Class_A/210140,210140,NPC/Class_A/210140,Default,Default,complete_npc,3,3,0,3,0,0,0,0,0,5,1,230,230,64,519.6666672825813,3,56.666666984558105,9,31
NPC/Class_A/210141/Default,NPC,NPC/Class_A/210141,210141,NPC/Class_A/210141,Default,Default,complete_npc,3,3,0,3,0,0,0,0,0,5,1,191,191,3,5.600000057369471,1,0.03333333507180214,9,33
NPC/Class_A/210142/Default,NPC,NPC/Class_A/210142,210142,NPC/Class_A/210142,Default,Default,complete_npc,3,3,0,3,0,0,0,0,0,5,1,194,196,0,0,0,0,4,19
NPC/Class_A/210144/Default,NPC,NPC/Class_A/210144,210144,NPC/Class_A/210144,Default,Default,complete_npc,3,3,0,3,0,0,0,0,0,5,1,265,303,18,82.09999918937683,0,0,9,31
NPC/Class_A/210145/Default,NPC,NPC/Class_A/210145,210145,NPC/Class_A/210145,Default,Default,complete_npc,4,4,0,4,0,0,0,0,0,5,1,318,347,67,249.900000333786,1,28.33333396911621,10,35
NPC/Class_A/210146/Default,NPC,NPC/Class_A/210146,210146,NPC/Class_A/210146,Default,Default,complete_npc,3,3,0,3,0,0,0,0,0,5,1,251,251,5,6.933333516120911,0,0,9,31
NPC/Class_A/210147/Default,NPC,NPC/Class_A/210147,210147,NPC/Class_A/210147,Default,Default,complete_npc,4,4,0,4,0,0,0,0,0,5,1,280,280,2,5.5666667222976685,0,0,10,35
NPC/Class_A/210148/Default,NPC,NPC/Class_A/210148,210148,NPC/Class_A/210148,Default,Default,complete_npc,4,4,0,4,0,0,0,0,0,5,1,222,260,2,5.5666667222976685,0,0,10,35
NPC/Class_A/210149/Default,NPC,NPC/Class_A/210149,210149,NPC/Class_A/210149,Default,Default,complete_npc,4,4,0,4,0,0,0,0,0,5,1,236,288,16,100.16666674613953,1,20.0,10,35
NPC/Class_A/210150/Default,NPC,NPC/Class_A/210150,210150,NPC/Class_A/210150,Default,Default,complete_npc,4,4,0,4,0,0,0,0,0,5,1,241,241,2,5.5666667222976685,0,0,10,38
NPC/Class_A/210151/Default,NPC,NPC/Class_A/210151,210151,NPC/Class_A/210151,Default,Default,complete_npc,3,3,0,3,0,0,0,0,0,5,1,254,254,0,0,0,0,7,27
NPC/Class_A/210152/Default,NPC,NPC/Class_A/210152,210152,NPC/Class_A/210152,Default,Default,complete_npc,3,3,0,3,0,0,0,0,0,5,1,212,212,26,107.60000032186508,2,6.0,9,31
NPC/Class_A/210153/Default,NPC,NPC/Class_A/210153,210153,NPC/Class_A/210153,Default,Default,complete_npc,3,3,0,3,0,0,0,0,0,5,1,342,342,173,644.7666681483388,115,351.53333277255297,9,26
NPC/Class_A/210154/Default,NPC,NPC/Class_A/210154,210154,NPC/Class_A/210154,Default,Default,complete_npc,4,4,0,4,0,0,0,0,0,5,1,276,276,2,5.5666667222976685,0,0,10,35
NPC/Class_A/210155/Default,NPC,NPC/Class_A/210155,210155,NPC/Class_A/210155,Default,Default,complete_npc,4,4,0,4,0,0,0,0,0,5,1,350,350,4,32.83333349227905,1,20.0,10,35
NPC/Class_A/210156/Default,NPC,NPC/Class_A/210156,210156,NPC/Class_A/210156,Default,Default,complete_npc,3,3,0,3,0,0,0,0,0,5,1,216,216,0,0,0,0,9,31
NPC/Class_A/210157/Default,NPC,NPC/Class_A/210157,210157,NPC/Class_A/210157,Default,Default,complete_npc,3,3,0,3,0,0,0,0,0,5,1,207,207,20,103.33333390951157,0,0,9,31
NPC/Class_A/210158/Default,NPC,NPC/Class_A/210158,210158,NPC/Class_A/210158,Default,Default,complete_npc,3,3,0,3,0,0,0,0,0,5,1,370,378,5,40.23333430290222,0,0,9,27
NPC/Class_A/210159/Default,NPC,NPC/Class_A/210159,210159,NPC/Class_A/210159,Default,Default,complete_npc,3,3,0,3,0,0,0,0,0,5,1,365,365,0,0,0,0,9,27
NPC/Class_A/210161/Default,NPC,NPC/Class_A/210161,210161,NPC/Class_A/210161,Default,Default,complete_npc,3,3,0,3,0,0,0,0,0,5,1,412,617,25,161.20000106841326,4,39.06666762381792,9,32
NPC/Class_A/210162/Default,NPC,NPC/Class_A/210162,210162,NPC/Class_A/210162,Default,Default,complete_npc,3,3,0,3,0,0,0,0,0,5,1,412,412,0,0,0,0,9,32
NPC/Class_A/210163/Default,NPC,NPC/Class_A/210163,210163,NPC/Class_A/210163,Default,Default,complete_npc,3,3,0,3,0,0,0,0,0,5,1,276,276,13,77.49999937415123,1,0.3333333432674408,9,33
NPC/Class_A/210164/Default,NPC,NPC/Class_A/210164,210164,NPC/Class_A/210164,Default,Default,complete_npc,3,3,0,3,0,0,0,0,0,5,1,239,277,60,454.53333258628845,0,0,9,30
NPC/Class_A/210165/Default,NPC,NPC/Class_A/210165,210165,NPC/Class_A/210165,Default,Default,complete_npc,3,3,0,3,0,0,0,0,0,5,1,236,238,52,273.66666638851166,0,0,9,31
NPC/Class_A/210166/Default,NPC,NPC/Class_A/210166,210166,NPC/Class_A/210166,Default,Default,complete_npc,3,3,0,3,0,0,0,0,0,5,1,217,217,0,0,0,0,8,26
NPC/Class_A/210167/Default,NPC,NPC/Class_A/210167,210167,NPC/Class_A/210167,Default,Default,complete_npc,3,3,0,3,0,0,0,0,0,5,1,249,249,0,0,0,0,8,27
NPC/Class_A/210168/Default,NPC,NPC/Class_A/210168,210168,NPC/Class_A/210168,Default,Default,complete_npc,3,3,0,3,0,0,0,0,0,5,1,212,212,1,50.0,1,50.0,8,27
NPC/Class_A/210169/Default,NPC,NPC/Class_A/210169,210169,NPC/Class_A/210169,Default,Default,complete_npc,4,4,0,4,0,0,0,0,0,5,1,268,268,9,66.06666660308838,1,17.866666793823242,9,34
NPC/Class_A/210170/Default,NPC,NPC/Class_A/210170,210170,NPC/Class_A/210170,Default,Default,complete_npc,4,4,0,4,0,0,0,0,0,5,1,266,266,1,19.933332443237305,1,19.933332443237305,9,32
NPC/Class_A/210171/Default,NPC,NPC/Class_A/210171,210171,NPC/Class_A/210171,Default,Default,complete_npc,4,4,0,4,0,0,0,0,0,5,1,265,265,1,31.33333396911621,1,31.33333396911621,9,33
NPC/Class_A/210172/Default,NPC,NPC/Class_A/210172,210172,NPC/Class_A/210172,Default,Default,complete_npc,3,3,0,3,0,0,0,0,0,5,1,227,227,1,17.866666793823242,1,17.866666793823242,8,27
NPC/Class_A/210173/Default,NPC,NPC/Class_A/210173,210173,NPC/Class_A/210173,Default,Default,complete_npc,3,3,0,3,0,0,0,0,0,5,1,224,225,3,33.46666741371155,1,31.33333396911621,8,28
NPC/Class_A/210174/Default,NPC,NPC/Class_A/210174,210174,NPC/Class_A/210174,Default,Default,complete_npc,3,3,0,3,0,0,0,0,0,5,1,233,233,0,0,0,0,8,26
NPC/Class_A/210175/Default,NPC,NPC/Class_A/210175,210175,NPC/Class_A/210175,Default,Default,complete_npc,3,3,0,3,0,0,0,0,0,5,1,204,206,1,23.53333282470703,1,23.53333282470703,4,19
NPC/Class_A/210176/Default,NPC,NPC/Class_A/210176,210176,NPC/Class_A/210176,Default,Default,complete_npc,3,3,0,3,0,0,0,0,0,5,1,209,209,5,14.93333351612091,0,0,3,13
NPC/Class_A/210177/Default,NPC,NPC/Class_A/210177,210177,NPC/Class_A/210177,Default,Default,complete_npc,3,3,0,3,0,0,0,0,0,5,1,220,258,3,11.633332967758179,0,0,8,27
NPC/Class_A/210178/Default,NPC,NPC/Class_A/210178,210178,NPC/Class_A/210178,Default,Default,complete_npc,3,3,0,3,0,0,0,0,0,5,1,277,277,1,21.866666793823242,1,21.866666793823242,8,27
NPC/Class_A/210179/Default,NPC,NPC/Class_A/210179,210179,NPC/Class_A/210179,Default,Default,complete_npc,3,3,0,3,0,0,0,0,0,5,1,275,275,0,0,0,0,8,27
NPC/Class_A/210180/Default,NPC,NPC/Class_A/210180,210180,NPC/Class_A/210180,Default,Default,complete_npc,3,3,0,3,0,0,0,0,0,5,1,243,243,14,41.266666531562805,0,0,7,27
NPC/Class_A/210181/Default,NPC,NPC/Class_A/210181,210181,NPC/Class_A/210181,Default,Default,complete_npc,4,4,0,4,0,0,0,0,0,5,1,323,323,45,128.09999918937683,1,16.0,10,35
NPC/Class_A/210182/Default,NPC,NPC/Class_A/210182,210182,NPC/Class_A/210182,Default,Default,complete_npc,4,4,0,4,0,0,0,0,0,5,1,382,382,1,16.53333282470703,1,16.53333282470703,10,35
NPC/Class_A/210183/Default,NPC,NPC/Class_A/210183,210183,NPC/Class_A/210183,Default,Default,complete_npc,3,3,0,3,0,0,0,0,0,5,1,215,215,0,0,0,0,8,30
NPC/Class_A/210185/Default,NPC,NPC/Class_A/210185,210185,NPC/Class_A/210185,Default,Default,complete_npc,4,4,0,4,0,0,0,0,0,5,1,214,214,0,0,0,0,10,35
NPC/Class_A/210186/Default,NPC,NPC/Class_A/210186,210186,NPC/Class_A/210186,Default,Default,complete_npc,4,4,0,4,0,0,0,0,0,5,1,217,217,1,19.53333282470703,0,0,10,35
NPC/Class_A/210187/Default,NPC,NPC/Class_A/210187,210187,NPC/Class_A/210187,Default,Default,complete_npc,3,3,0,3,0,0,0,0,0,5,1,248,248,1,30.100000381469727,0,0,9,31
NPC/Class_A/210188/Default,NPC,NPC/Class_A/210188,210188,NPC/Class_A/210188,Default,Default,complete_npc,3,3,0,3,0,0,0,0,0,5,1,231,231,0,0,0,0,9,31
NPC/Class_A/210189/Default,NPC,NPC/Class_A/210189,210189,NPC/Class_A/210189,Default,Default,complete_npc,3,3,0,3,0,0,0,0,0,5,1,227,227,0,0,0,0,9,31
NPC/Class_A/210191/Default,NPC,NPC/Class_A/210191,210191,NPC/Class_A/210191,Default,Default,complete_npc,3,3,0,3,0,0,0,0,0,5,1,239,239,0,0,0,0,9,31
NPC/Class_A/210192/Default,NPC,NPC/Class_A/210192,210192,NPC/Class_A/210192,Default,Default,complete_npc,3,3,0,3,0,0,0,0,0,5,1,219,219,44,345.63332986831665,0,0,9,31
NPC/Class_A/210193/Default,NPC,NPC/Class_A/210193,210193,NPC/Class_A/210193,Default,Default,complete_npc,4,4,0,3,0,0,0,1,0,5,2,279,279,11,55.900000274181366,0,0,10,34
NPC/Class_A/210197/Default,NPC,NPC/Class_A/210197,210197,NPC/Class_A/210197,Default,Default,complete_npc,3,3,0,3,0,0,0,0,0,5,1,334,334,1,22.0,0,0,9,32
NPC/Class_A/210198/Default,NPC,NPC/Class_A/210198,210198,NPC/Class_A/210198,Default,Default,complete_npc,4,4,0,4,0,0,0,0,0,5,1,308,308,0,0,0,0,10,36
NPC/Class_A/210199/Default,NPC,NPC/Class_A/210199,210199,NPC/Class_A/210199,Default,Default,complete_npc,4,4,0,4,0,0,0,0,0,5,1,358,358,38,285.20000129938126,3,70.66666603088379,10,36
NPC/Class_A/210200/Default,NPC,NPC/Class_A/210200,210200,NPC/Class_A/210200,Default,Default,complete_npc,3,3,0,3,0,0,0,0,0,5,1,291,293,38,164.4666669368744,1,0.2666666805744171,9,31
NPC/Class_A/210201/Default,NPC,NPC/Class_A/210201,210201,NPC/Class_A/210201,Default,Default,complete_npc,4,4,0,4,0,0,0,0,0,5,1,310,310,0,0,0,0,6,30
NPC/Class_A/210202/Default,NPC,NPC/Class_A/210202,210202,NPC/Class_A/210202,Default,Default,complete_npc,4,4,0,4,0,0,0,0,0,5,1,331,331,0,0,0,0,10,37
NPC/Class_A/210203/Default,NPC,NPC/Class_A/210203,210203,NPC/Class_A/210203,Default,Default,complete_npc,3,3,0,3,0,0,0,0,0,5,1,295,295,0,0,0,0,9,31
NPC/Class_A/210204/Default,NPC,NPC/Class_A/210204,210204,NPC/Class_A/210204,Default,Default,complete_npc,3,3,0,3,0,0,0,0,0,5,1,301,301,0,0,0,0,9,31
NPC/Class_A/210205/Default,NPC,NPC/Class_A/210205,210205,NPC/Class_A/210205,Default,Default,complete_npc,4,4,0,4,0,0,0,0,0,5,1,356,356,0,0,0,0,10,37
NPC/Class_A/210206/Default,NPC,NPC/Class_A/210206,210206,NPC/Class_A/210206,Default,Default,complete_npc,2,2,0,2,0,0,0,0,0,5,1,172,199,0,0,0,0,6,16
NPC/Class_A/210207/Default,NPC,NPC/Class_A/210207,210207,NPC/Class_A/210207,Default,Default,complete_npc,4,4,0,4,0,0,0,0,0,5,1,241,279,18,102.33333376422524,2,27.900000128895044,10,36
NPC/Class_A/210208/Default,NPC,NPC/Class_A/210208,210208,NPC/Class_A/210208,Default,Default,complete_npc,4,4,0,4,0,0,0,0,0,5,1,411,411,6,27.366666793823242,1,20.0,10,35
NPC/Class_A/210209/Default,NPC,NPC/Class_A/210209,210209,NPC/Class_A/210209,Default,Default,complete_npc,3,3,0,3,0,0,0,0,0,5,1,270,334,0,0,0,0,8,32
NPC/Class_A/210210/Default,NPC,NPC/Class_A/210210,210210,NPC/Class_A/210210,Default,Default,complete_npc,4,4,0,4,0,0,0,0,0,5,1,271,413,2,20.033333335071802,2,20.033333335071802,10,35
NPC/Class_A/210211/Default,NPC,NPC/Class_A/210211,210211,NPC/Class_A/210211,Default,Default,complete_npc,3,3,0,3,0,0,0,0,0,5,1,221,221,12,75.93333387374878,0,0,9,31
NPC/Class_A/210212/Default,NPC,NPC/Class_A/210212,210212,NPC/Class_A/210212,Default,Default,complete_npc,3,3,0,3,0,0,0,0,0,5,1,199,199,23,95.26666593551636,0,0,9,31
NPC/Class_A/210213/Default,NPC,NPC/Class_A/210213,210213,NPC/Class_A/210213,Default,Default,complete_npc,2,2,0,2,0,0,0,0,0,5,1,176,176,0,0,0,0,4,18
NPC/Class_A/210214/Default,NPC,NPC/Class_A/210214,210214,NPC/Class_A/210214,Default,Default,complete_npc,2,2,0,2,0,0,0,0,0,5,1,236,236,0,0,0,0,4,17
NPC/Class_A/210215/Default,NPC,NPC/Class_A/210215,210215,NPC/Class_A/210215,Default,Default,complete_npc,2,2,0,2,0,0,0,0,0,5,1,225,225,1,11.533333778381348,1,11.533333778381348,3,13
NPC/Class_A/210216/Default,NPC,NPC/Class_A/210216,210216,NPC/Class_A/210216,Default,Default,complete_npc,2,2,0,2,0,0,0,0,0,5,1,225,225,0,0,0,0,3,13
NPC/Class_A/210217/Default,NPC,NPC/Class_A/210217,210217,NPC/Class_A/210217,Default,Default,complete_npc,3,3,0,3,0,0,0,0,0,5,1,299,299,1,4.666666507720947,0,0,7,27
NPC/Class_A/210218/Default,NPC,NPC/Class_A/210218,210218,NPC/Class_A/210218,Default,Default,complete_npc,1,1,0,1,0,0,0,0,0,5,1,178,187,5,50.79999923706055,0,0,2,8
NPC/Class_A/210219/Default,NPC,NPC/Class_A/210219,210219,NPC/Class_A/210219,Default,Default,complete_npc,1,1,0,1,0,0,0,0,0,5,1,178,178,0,0,0,0,2,8
NPC/Class_A/210221/Default,NPC,NPC/Class_A/210221,210221,NPC/Class_A/210221,Default,Default,complete_npc,3,3,0,3,0,0,0,0,0,5,1,206,248,14,125.78333342075348,0,0,4,20
NPC/Class_A/210222/Default,NPC,NPC/Class_A/210222,210222,NPC/Class_A/210222,Default,Default,complete_npc,1,1,0,1,0,0,0,0,0,5,1,101,101,0,0,0,0,1,4
NPC/Class_A/210223/Default,NPC,NPC/Class_A/210223,210223,NPC/Class_A/210223,Default,Default,complete_npc,1,1,0,1,0,0,0,0,0,5,1,187,187,36,125.6000026166439,2,12.533333539962769,1,5
NPC/Class_A/210224/Default,NPC,NPC/Class_A/210224,210224,NPC/Class_A/210224,Default,Default,complete_npc,4,4,0,4,0,0,0,0,0,5,1,342,342,0,0,0,0,9,31
NPC/Class_A/210225/Default,NPC,NPC/Class_A/210225,210225,NPC/Class_A/210225,Default,Default,complete_npc,4,4,0,4,0,0,0,0,0,5,1,349,349,0,0,0,0,9,31
NPC/Class_A/210226/Default,NPC,NPC/Class_A/210226,210226,NPC/Class_A/210226,Default,Default,complete_npc,4,4,0,4,0,0,0,0,0,5,1,379,379,0,0,0,0,9,31
NPC/Class_A/210227/Default,NPC,NPC/Class_A/210227,210227,NPC/Class_A/210227,Default,Default,complete_npc,4,4,0,4,0,0,0,0,0,5,1,334,334,0,0,0,0,9,31
NPC/Class_A/210228/Default,NPC,NPC/Class_A/210228,210228,NPC/Class_A/210228,Default,Default,complete_npc,4,4,0,4,0,0,0,0,0,5,1,361,361,3,6.799999952316284,0,0,11,42
NPC/Class_A/210229/Default,NPC,NPC/Class_A/210229,210229,NPC/Class_A/210229,Default,Default,complete_npc,3,3,0,3,0,0,0,0,0,5,1,197,197,0,0,0,0,4,21
NPC/Class_A/210230/Default,NPC,NPC/Class_A/210230,210230,NPC/Class_A/210230,Default,Default,complete_npc,4,4,0,4,0,0,0,0,0,5,1,348,533,2,5.400000095367432,0,0,5,23
NPC/Class_A/210231/Default,NPC,NPC/Class_A/210231,210231,NPC/Class_A/210231,Default,Default,complete_npc,5,5,0,5,0,0,0,0,0,5,1,342,342,47,185.83333086967468,1,55.599998474121094,6,24
NPC/Class_A/210232/Default,NPC,NPC/Class_A/210232,210232,NPC/Class_A/210232,Default,Default,complete_npc,5,5,0,5,0,0,0,0,0,5,1,342,342,2,5.400000095367432,0,0,6,23
NPC/Class_A/210233/Default,NPC,NPC/Class_A/210233,210233,NPC/Class_A/210233,Default,Default,complete_npc,4,4,0,4,0,0,0,0,0,5,1,363,365,3,6.700000047683716,0,0,5,24
NPC/Class_A/210234/Default,NPC,NPC/Class_A/210234,210234,NPC/Class_A/210234,Default,Default,complete_npc,4,4,0,4,0,0,0,0,0,5,1,300,300,2,5.400000095367432,0,0,5,23
NPC/Class_A/210235/Default,NPC,NPC/Class_A/210235,210235,NPC/Class_A/210235,Default,Default,complete_npc,4,4,0,4,0,0,0,0,0,5,1,404,404,32,145.20000022649765,0,0,12,48
NPC/Class_A/210243/Default,NPC,NPC/Class_A/210243,210243,NPC/Class_A/210243,Default,Default,complete_npc,3,3,0,3,0,0,0,0,0,5,1,236,236,122,762.0666664838791,1,17.866666793823242,7,27
NPC/Class_A/210244/Default,NPC,NPC/Class_A/210244,210244,NPC/Class_A/210244,Default,Default,complete_npc,3,3,0,3,0,0,0,0,0,5,1,217,225,12,71.9333336353302,0,0,7,27
NPC/Class_A/210245/Default,NPC,NPC/Class_A/210245,210245,NPC/Class_A/210245,Default,Default,complete_npc,3,3,0,3,0,0,0,0,0,5,1,254,254,8,31.699999809265137,0,0,7,27
NPC/Class_A/210246/Default,NPC,NPC/Class_A/210246,210246,NPC/Class_A/210246,Default,Default,complete_npc,3,3,0,3,0,0,0,0,0,5,1,237,238,8,36.63333320617676,0,0,7,27
NPC/Class_A/210258/Default,NPC,NPC/Class_A/210258,210258,NPC/Class_A/210258,Default,Default,complete_npc,1,1,0,1,0,0,0,0,0,5,1,268,398,0,0,0,0,2,9
NPC/Class_A/210259/Default,NPC,NPC/Class_A/210259,210259,NPC/Class_A/210259,Default,Default,complete_npc,2,2,0,2,0,0,0,0,0,5,1,279,279,0,0,0,0,5,19
NPC/Class_A/210260/Default,NPC,NPC/Class_A/210260,210260,NPC/Class_A/210260,Default,Default,complete_npc,3,3,0,3,0,0,0,0,0,5,1,365,365,0,0,0,0,9,29
NPC/Class_A/Boris/Default,NPC,NPC/Class_A/Boris,Boris,NPC/Class_A/Boris,Default,Default,complete_npc,3,3,0,3,0,0,0,0,0,5,1,201,201,174,915.7666666656733,22,122.33333297073841,8,30
NPC/Class_A/BurgerstackMasters/Default,NPC,NPC/Class_A/BurgerstackMasters,BurgerstackMasters,NPC/Class_A/BurgerstackMasters,Default,Default,complete_npc,4,4,0,4,0,0,0,0,0,5,1,199,199,0,0,0,0,10,34
NPC/Class_A/CharcoalGrill/Default,NPC,NPC/Class_A/CharcoalGrill,CharcoalGrill,NPC/Class_A/CharcoalGrill,Default,Default,complete_npc,4,4,0,4,0,0,0,0,0,5,1,329,329,0,0,0,0,10,30
NPC/Class_A/ChipmunkGrocery/Default,NPC,NPC/Class_A/ChipmunkGrocery,ChipmunkGrocery,NPC/Class_A/ChipmunkGrocery,Default,Default,complete_npc,4,4,0,4,0,0,0,0,0,5,1,213,213,0,0,0,0,10,34
NPC/Class_A/CoffeeShopStaff/Default,NPC,NPC/Class_A/CoffeeShopStaff,CoffeeShopStaff,NPC/Class_A/CoffeeShopStaff,Default,Default,complete_npc,4,4,0,4,0,0,0,0,0,5,1,160,160,3,7.96666693687439,0,0,9,36
NPC/Class_A/Daniel/Default,NPC,NPC/Class_A/Daniel,Daniel,NPC/Class_A/Daniel,Default,Default,complete_npc,3,3,0,3,0,0,0,0,0,5,1,240,240,214,1280.0666699111462,24,80.80000028014183,9,28
NPC/Class_A/Deliverer/Default,NPC,NPC/Class_A/Deliverer,Deliverer,NPC/Class_A/Deliverer,Default,Default,complete_npc,4,4,0,4,0,0,0,0,0,5,1,261,261,0,0,0,0,5,22
NPC/Class_A/Edgar/Default,NPC,NPC/Class_A/Edgar,Edgar,NPC/Class_A/Edgar,Default,Default,complete_npc,4,4,0,3,0,0,0,1,0,5,2,290,300,424,2696.46666765213,25,82.46666690707207,8,30
NPC/Class_A/EvanKing/Default,NPC,NPC/Class_A/EvanKing,EvanKing,NPC/Class_A/EvanKing,Default,Default,complete_npc,4,4,0,4,0,0,0,0,0,5,1,226,228,24,50.53333346545696,24,50.53333346545696,10,30
NPC/Class_A/Florina/Default,NPC,NPC/Class_A/Florina,Florina,NPC/Class_A/Florina,Default,Default,complete_npc,4,4,0,4,0,0,0,0,0,5,1,351,351,0,0,0,0,11,39
NPC/Class_A/Gelato/Default,NPC,NPC/Class_A/Gelato,Gelato,NPC/Class_A/Gelato,Default,Default,complete_npc,4,4,0,4,0,0,0,0,0,5,1,157,157,0,0,0,0,10,36
NPC/Class_A/HeartsAndArrows/Default,NPC,NPC/Class_A/HeartsAndArrows,HeartsAndArrows,NPC/Class_A/HeartsAndArrows,Default,Default,complete_npc,4,4,0,4,0,0,0,0,0,5,1,238,238,9,31.633333809673786,5,12.600000031292439,9,30
NPC/Class_A/HoneyAndMilk/Default,NPC,NPC/Class_A/HoneyAndMilk,HoneyAndMilk,NPC/Class_A/HoneyAndMilk,Default,Default,complete_npc,4,4,0,4,0,0,0,0,0,5,1,223,223,1,21.866666793823242,1,21.866666793823242,9,34
NPC/Class_A/Jekyll/Default,NPC,NPC/Class_A/Jekyll,Jekyll,NPC/Class_A/Jekyll,Default,Default,complete_npc,3,3,0,3,0,0,0,0,0,5,1,214,214,202,1304.3000033274293,26,113.60000053793192,8,30
NPC/Class_A/Jon/Default,NPC,NPC/Class_A/Jon,Jon,NPC/Class_A/Jon,Default,Default,complete_npc,4,4,0,4,0,0,0,0,0,5,1,148,148,35,1.1666667275130749,35,1.1666667275130749,6,24
NPC/Class_A/LittleCinderella/Default,NPC,NPC/Class_A/LittleCinderella,LittleCinderella,NPC/Class_A/LittleCinderella,Default,Default,complete_npc,4,4,0,4,0,0,0,0,0,5,1,328,328,0,0,0,0,12,39
NPC/Class_A/MarkedWorker/Default,NPC,NPC/Class_A/MarkedWorker,MarkedWorker,NPC/Class_A/MarkedWorker,Default,Default,complete_npc,6,6,0,6,0,0,0,0,0,5,2,410,410,9,43.43333339691162,0,0,5,25
NPC/Class_A/Miya/Default,NPC,NPC/Class_A/Miya,Miya,NPC/Class_A/Miya,Default,Default,complete_npc,4,4,0,4,0,0,0,0,0,5,1,328,329,0,0,0,0,12,39
NPC/Class_A/NightfallBoozers/Default,NPC,NPC/Class_A/NightfallBoozers,NightfallBoozers,NPC/Class_A/NightfallBoozers,Default,Default,complete_npc,3,3,0,3,0,0,0,0,0,5,1,298,298,0,0,0,0,8,26
NPC/Class_A/Pierre/Default,NPC,NPC/Class_A/Pierre,Pierre,NPC/Class_A/Pierre,Default,Default,complete_npc,4,4,0,4,0,0,0,0,0,5,1,358,359,0,0,0,0,9,31
NPC/Class_A/Pixy/Default,NPC,NPC/Class_A/Pixy,Pixy,NPC/Class_A/Pixy,Default,Default,complete_npc,5,5,0,4,0,0,0,1,0,5,1,189,189,525,1493.150004165247,315,626.6500035692006,11,38
NPC/Class_A/QuarterPastEight/Default,NPC,NPC/Class_A/QuarterPastEight,QuarterPastEight,NPC/Class_A/QuarterPastEight,Default,Default,complete_npc,3,3,0,3,0,0,0,0,0,5,1,233,233,0,0,0,0,9,26
NPC/Class_A/Rachel/Default,NPC,NPC/Class_A/Rachel,Rachel,NPC/Class_A/Rachel,Default,Default,complete_npc,4,4,0,4,0,0,0,0,0,5,1,324,324,0,0,0,0,11,35
NPC/Class_A/RacingKnight/Default,NPC,NPC/Class_A/RacingKnight,RacingKnight,NPC/Class_A/RacingKnight,Default,Default,complete_npc,1,1,0,1,0,0,0,0,0,5,1,252,252,40,30.849999990314245,40,30.849999990314245,1,1
NPC/Class_A/Rohm/Default,NPC,NPC/Class_A/Rohm,Rohm,NPC/Class_A/Rohm,Default,Default,complete_npc,5,5,0,3,0,0,0,2,0,5,3,275,280,143,608.3999943435192,27,103.46666702628136,10,31
NPC/Class_A/Solferino/Default,NPC,NPC/Class_A/Solferino,Solferino,NPC/Class_A/Solferino,Default,Default,complete_npc,4,4,0,4,0,0,0,0,0,5,1,264,264,47,273.233333773911,5,12.600000031292439,10,30
NPC/Class_A/SundayLounge/Default,NPC,NPC/Class_A/SundayLounge,SundayLounge,NPC/Class_A/SundayLounge,Default,Default,complete_npc,3,3,0,3,0,0,0,0,0,5,1,324,324,0,0,0,0,8,26
NPC/Class_A/TheVentus/Default,NPC,NPC/Class_A/TheVentus,TheVentus,NPC/Class_A/TheVentus,Default,Default,complete_npc,4,4,0,4,0,0,0,0,0,5,1,348,348,1,28.33333396911621,1,28.33333396911621,5,23
NPC/Class_A/VoicepipeCafe/Default,NPC,NPC/Class_A/VoicepipeCafe,VoicepipeCafe,NPC/Class_A/VoicepipeCafe,Default,Default,complete_npc,4,4,0,4,0,0,0,0,0,5,1,242,242,0,0,0,0,10,33
NPC/Class_A/WisdomBooks/Default,NPC,NPC/Class_A/WisdomBooks,WisdomBooks,NPC/Class_A/WisdomBooks,Default,Default,complete_npc,3,3,0,3,0,0,0,0,0,5,1,309,309,0,0,0,0,9,26
NPC/Class_S/AlexNPC/Default,NPC,NPC/Class_S/AlexNPC,AlexNPC,NPC/Class_S/AlexNPC,Default,Default,complete_npc,3,3,0,3,0,0,0,0,0,5,1,275,275,412,1518.0999988168478,233,666.3666650801897,12,38
NPC/Class_S/AndersenFemale/Default,NPC,NPC/Class_S/AndersenFemale,AndersenFemale,NPC/Class_S/AndersenFemale,Default,Default,complete_npc,7,7,0,4,0,0,0,3,0,5,4,404,404,68,282.1999980211258,0,0,12,36
NPC/Class_S/AshleyFoot/Default,NPC,NPC/Class_S/AshleyFoot,AshleyFoot,NPC/Class_S/AshleyFoot,Default,Default,complete_npc,6,6,0,4,0,0,0,2,0,5,3,437,437,64,160.26666700839996,0,0,15,57
NPC/Class_S/AshleyNPC/Default,NPC,NPC/Class_S/AshleyNPC,AshleyNPC,NPC/Class_S/AshleyNPC,Default,Default,complete_npc,4,4,0,4,0,0,0,0,0,5,1,404,404,1855,9637.166661446914,356,1079.4666660185903,13,51
NPC/Class_S/AshleyWorker/Default,NPC,NPC/Class_S/AshleyWorker,AshleyWorker,NPC/Class_S/AshleyWorker,Default,Default,complete_npc,4,4,0,4,0,0,0,0,0,5,1,361,362,4,17.833333134651184,0,0,12,53
NPC/Class_S/Augulia/Default,NPC,NPC/Class_S/Augulia,Augulia,NPC/Class_S/Augulia,Default,Default,complete_npc,4,4,0,4,0,0,0,0,0,5,1,324,324,64,192.30000138282776,1,2.7333333492279053,12,37
NPC/Class_S/Bellboy/Default,NPC,NPC/Class_S/Bellboy,Bellboy,NPC/Class_S/Bellboy,Default,Default,complete_npc,4,4,0,4,0,0,0,0,0,5,2,84,84,7,37.96666693687439,7,37.96666693687439,6,19
NPC/Class_S/BoboNPC/Default,NPC,NPC/Class_S/BoboNPC,BoboNPC,NPC/Class_S/BoboNPC,Default,Default,complete_npc,3,3,0,3,0,0,0,0,0,5,1,230,231,290,1196.7666672505438,218,810.2333336509764,9,34
NPC/Class_S/CaesarNPC/Default,NPC,NPC/Class_S/CaesarNPC,CaesarNPC,NPC/Class_S/CaesarNPC,Default,Default,complete_npc,3,3,0,3,0,0,0,0,0,5,1,297,297,273,947.1333362795413,212,666.6666688658297,10,31
NPC/Class_S/CeremoniaryMaster/Default,NPC,NPC/Class_S/CeremoniaryMaster,CeremoniaryMaster,NPC/Class_S/CeremoniaryMaster,Default,Default,complete_npc,4,4,0,3,0,0,0,1,0,5,2,454,454,59,165.30000239610672,1,3.3333332538604736,11,39
NPC/Class_S/Ginkgo/Default,NPC,NPC/Class_S/Ginkgo,Ginkgo,NPC/Class_S/Ginkgo,Default,Default,complete_npc,4,4,0,4,0,0,0,0,0,5,1,238,238,178,399.8666669689119,155,316.73333340510726,12,34
NPC/Class_S/Hunt/Default,NPC,NPC/Class_S/Hunt,Hunt,NPC/Class_S/Hunt,Default,Default,complete_npc,4,4,0,3,0,0,0,1,0,5,2,307,307,0,0,0,0,12,38
NPC/Class_S/MrWatch/Default,NPC,NPC/Class_S/MrWatch,MrWatch,NPC/Class_S/MrWatch,Default,Default,complete_npc,6,6,0,4,0,0,0,2,0,5,3,323,327,488,2434.533341791481,309,1027.733338382095,12,41
NPC/Class_S/MrsCosmos/Default,NPC,NPC/Class_S/MrsCosmos,MrsCosmos,NPC/Class_S/MrsCosmos,Default,Default,complete_npc,4,4,0,4,0,0,0,0,0,5,1,310,310,308,1140.1666672676802,264,833.4666672199965,12,44
NPC/Class_S/MyBarley/Default,NPC,NPC/Class_S/MyBarley,MyBarley,NPC/Class_S/MyBarley,Default,Default,complete_npc,1,1,0,1,0,0,0,0,0,5,1,207,207,0,0,0,0,3,15
NPC/Class_S/Toxic/Default,NPC,NPC/Class_S/Toxic,Toxic,NPC/Class_S/Toxic,Default,Default,complete_npc,4,4,0,4,0,0,0,0,0,5,1,346,346,0,0,0,0,11,38
