scope,key,logical_character_id,assembly_group,type_or_category,name,visual_variant,state,is_primary,role_mesh_count,weapon_mesh_count,role_weapon_mesh_count,pet_mesh_count,summon_mesh_count,prop_mesh_count,incar_mesh_count,mesh_count_total,lod0_role_triangle_count,lod0_role_weapon_triangle_count,lod0_pet_triangle_count,lod0_summon_triangle_count,lod0_prop_triangle_count,lod0_incar_triangle_count,lod0_role_bone_count,lod0_role_weapon_bone_count,lod0_pet_bone_count,lod0_summon_bone_count,lod0_prop_bone_count,lod0_incar_bone_count,role_reference_bone_count,role_weapon_reference_bone_count,animation_count_core,animation_count_all,animation_total_seconds_core,animation_total_seconds_all,texture_count,texture_cube_count,maximum_lod_count,notes
character_bundle,Boss/AshleyBoss/Default,Boss/AshleyBoss,main,Boss,AshleyBoss,Default,Default,True,5,4,9,0,0,0,0,9,133816,179965,0,0,0,0,178,193,0,0,0,0,511,536,145,184,294.299998,495.066665,81,,5,Hero Show 已排除；Role资源池与 Role+Weapon资源池分列；Pet/Summon/Prop/InCar 分列；空值表示不可用，不等于0
character_bundle,Boss/AshleyBoss/InCar,Boss/AshleyBoss,extra,Boss,AshleyBoss,Default,InCar,False,0,0,0,0,0,0,8,8,0,0,0,0,0,489003,0,0,0,0,0,855,0,0,179,183,315.866667,377.966666,100,,5,Hero Show 已排除；Role资源池与 Role+Weapon资源池分列；Pet/Summon/Prop/InCar 分列；空值表示不可用，不等于0
character_bundle,Boss/ChavAlex/Default,Boss/ChavAlex,main,Boss,ChavAlex,Default,Default,True,3,3,6,0,0,0,0,6,66848,70398,0,0,0,0,153,163,0,0,0,0,277,300,113,113,342.783335,342.783335,41,,5,Hero Show 已排除；Role资源池与 Role+Weapon资源池分列；Pet/Summon/Prop/InCar 分列；空值表示不可用，不等于0
character_bundle,Boss/ChavBobo/Default,Boss/ChavBobo,main,Boss,ChavBobo,Default,Default,True,3,2,5,0,0,0,0,5,47335,51602,0,0,0,0,107,113,0,0,0,0,232,248,128,133,385.333335,405.833335,37,,5,Hero Show 已排除；Role资源池与 Role+Weapon资源池分列；Pet/Summon/Prop/InCar 分列；空值表示不可用，不等于0
character_bundle,Boss/ChavCaesar/Default,Boss/ChavCaesar,main,Boss,ChavCaesar,Default,Default,True,3,2,5,0,0,0,0,5,39511,41023,0,0,0,0,168,201,0,0,0,0,299,339,118,118,332.166668,332.166668,34,,5,Hero Show 已排除；Role资源池与 Role+Weapon资源池分列；Pet/Summon/Prop/InCar 分列；空值表示不可用，不等于0
character_bundle,Boss/EliteKnight/Default,Boss/EliteKnight,main,Boss,EliteKnight,Default,Default,True,1,5,6,0,0,0,0,6,132542,164739,0,0,0,0,226,246,0,0,0,0,334,378,71,71,237.766668,237.766668,33,,5,Hero Show 已排除；Role资源池与 Role+Weapon资源池分列；Pet/Summon/Prop/InCar 分列；空值表示不可用，不等于0
character_bundle,Boss/KnightStatue/Default,Boss/KnightStatue,main,Boss,KnightStatue,Default,Default,True,1,2,3,0,0,0,0,3,88674,112943,0,0,0,0,158,163,0,0,0,0,204,213,86,100,221.566667,266.166668,22,,5,Hero Show 已排除；Role资源池与 Role+Weapon资源池分列；Pet/Summon/Prop/InCar 分列；空值表示不可用，不等于0
character_bundle,Boss/KnightStatueScb/Default,Boss/KnightStatueScb,main,Boss,KnightStatueScb,Default,Default,True,1,0,1,0,0,0,0,1,148763,148763,0,0,0,0,393,393,0,0,0,0,464,464,94,100,282.333333,292.633333,22,,5,Hero Show 已排除；Role资源池与 Role+Weapon资源池分列；Pet/Summon/Prop/InCar 分列；空值表示不可用，不等于0
character_bundle,Boss/Manager/Default,Boss/Manager,main,Boss,Manager,Default,Default,True,1,7,8,0,0,0,0,8,90995,245101,0,0,0,0,272,389,0,0,0,0,437,582,104,150,383.449998,772.950004,15,,5,Hero Show 已排除；Role资源池与 Role+Weapon资源池分列；Pet/Summon/Prop/InCar 分列；空值表示不可用，不等于0
character_bundle,Boss/Paraffin/Default,Boss/Paraffin,main,Boss,Paraffin,Default,Default,True,4,0,4,0,0,0,0,4,109864,109864,0,0,0,0,322,322,0,0,0,0,474,474,202,239,546.783327,626.41666,16,,5,Hero Show 已排除；Role资源池与 Role+Weapon资源池分列；Pet/Summon/Prop/InCar 分列；空值表示不可用，不等于0
character_bundle,Boss/Predator/Default,Boss/Predator,main,Boss,Predator,Default,Default,True,1,0,1,0,0,0,0,1,98270,98270,0,0,0,0,229,229,0,0,0,0,308,308,90,90,212.566668,212.566668,14,,5,Hero Show 已排除；Role资源池与 Role+Weapon资源池分列；Pet/Summon/Prop/InCar 分列；空值表示不可用，不等于0
character_bundle,Boss/QuarterBack/Default,Boss/QuarterBack,main,Boss,QuarterBack,Default,Default,True,2,1,3,0,0,0,0,3,72269,77033,0,0,0,0,155,157,0,0,0,0,216,222,104,104,244.783334,244.783334,25,,5,Hero Show 已排除；Role资源池与 Role+Weapon资源池分列；Pet/Summon/Prop/InCar 分列；空值表示不可用，不等于0
character_bundle,Boss/RedBack/Default,Boss/RedBack,main,Boss,RedBack,Default,Default,True,1,1,2,0,0,0,0,2,74223,82393,0,0,0,0,226,235,0,0,0,0,299,312,94,143,265.783335,358.650002,32,,5,Hero Show 已排除；Role资源池与 Role+Weapon资源池分列；Pet/Summon/Prop/InCar 分列；空值表示不可用，不等于0
character_bundle,Boss/RexBoss/Default,Boss/RexBoss,main,Boss,RexBoss,Default,Default,True,6,1,7,1,0,0,0,8,128361,141813,21988,0,0,0,133,133,169,0,0,0,307,307,156,264,522.250001,984.033331,67,,5,Hero Show 已排除；Role资源池与 Role+Weapon资源池分列；Pet/Summon/Prop/InCar 分列；空值表示不可用，不等于0
character_bundle,Boss/Supervisor/Default,Boss/Supervisor,main,Boss,Supervisor,Default,Default,True,1,6,7,0,0,0,0,7,125417,226701,0,0,0,0,226,274,0,0,0,0,341,414,153,173,522.083333,648.816665,26,,5,Hero Show 已排除；Role资源池与 Role+Weapon资源池分列；Pet/Summon/Prop/InCar 分列；空值表示不可用，不等于0
character_bundle,Boss/Vulture/Default,Boss/Vulture,main,Boss,Vulture,Default,Default,True,1,0,1,0,0,0,0,1,116707,116707,0,0,0,0,354,354,0,0,0,0,481,481,74,74,230.816665,230.816665,40,,5,Hero Show 已排除；Role资源池与 Role+Weapon资源池分列；Pet/Summon/Prop/InCar 分列；空值表示不可用，不等于0
character_bundle,Hero/Alf/Default/Combat,Hero/Alf,main,Hero,Alf,Default,Combat,True,4,4,8,0,0,0,0,8,95372,148129,0,0,0,0,199,286,0,0,0,0,433,538,948,1684,2276.850007,6484.733344,87,,5,Hero Show 已排除；Role资源池与 Role+Weapon资源池分列；Pet/Summon/Prop/InCar 分列；空值表示不可用，不等于0
character_bundle,Hero/Argos/Default/Combat,Hero/Argos,main,Hero,Argos,Default,Combat,True,4,5,9,0,0,0,0,9,77111,119953,0,0,0,0,171,200,0,0,0,0,368,409,776,877,1517.266667,2135.849996,59,,5,Hero Show 已排除；Role资源池与 Role+Weapon资源池分列；Pet/Summon/Prop/InCar 分列；空值表示不可用，不等于0
character_bundle,Hero/Ashley/Default/Combat,Hero/Ashley,main,Hero,Ashley,Default,Combat,True,4,8,12,0,0,0,0,12,124731,424760,0,0,0,0,178,970,0,0,0,0,511,1528,798,860,1730.1,2221.566671,95,,5,Hero Show 已排除；Role资源池与 Role+Weapon资源池分列；Pet/Summon/Prop/InCar 分列；空值表示不可用，不等于0
character_bundle,Hero/Ashley/World/Combat,Hero/Ashley,extra,Hero,Ashley,World,Combat,False,4,0,4,0,0,0,0,4,113432,113432,0,0,0,0,228,228,0,0,0,0,466,466,10,11,56.066667,72.066667,44,,5,Hero Show 已排除；Role资源池与 Role+Weapon资源池分列；Pet/Summon/Prop/InCar 分列；空值表示不可用，不等于0
character_bundle,Hero/Bentham/Default/Combat,Hero/Bentham,main,Hero,Bentham,Default,Combat,True,4,1,5,0,0,0,0,5,108284,118118,0,0,0,0,209,240,0,0,0,0,448,484,777,873,1804.233338,2576.533336,59,,5,Hero Show 已排除；Role资源池与 Role+Weapon资源池分列；Pet/Summon/Prop/InCar 分列；空值表示不可用，不等于0
character_bundle,Hero/Cynthia/Default/Combat,Hero/Cynthia,main,Hero,Cynthia,Default,Combat,True,4,3,7,4,0,0,0,11,110213,138260,16819,0,0,0,186,212,211,0,0,0,380,410,998,1886,2364.36666,7311.91665,98,,5,Hero Show 已排除；Role资源池与 Role+Weapon资源池分列；Pet/Summon/Prop/InCar 分列；空值表示不可用，不等于0
character_bundle,Hero/Firtho/Default/Combat,Hero/Firtho,main,Hero,Firtho,Default,Combat,True,3,2,5,0,0,0,0,5,71871,81179,0,0,0,0,178,190,0,0,0,0,379,398,848,2014,1965.933333,8419.433332,49,,5,Hero Show 已排除；Role资源池与 Role+Weapon资源池分列；Pet/Summon/Prop/InCar 分列；空值表示不可用，不等于0
character_bundle,Hero/Gratia/Default/Combat,Hero/Gratia,main,Hero,Gratia,Default,Combat,True,4,4,8,0,0,0,0,8,242705,288094,0,0,0,0,270,292,0,0,0,0,511,546,801,1411,1920.366664,5387.266669,86,,5,Hero Show 已排除；Role资源池与 Role+Weapon资源池分列；Pet/Summon/Prop/InCar 分列；空值表示不可用，不等于0
character_bundle,Hero/Grimm/Default/Combat,Hero/Grimm,main,Hero,Grimm,Default,Combat,True,5,7,12,0,0,0,0,12,95741,115989,0,0,0,0,166,204,0,0,0,0,371,411,823,1023,1734.483331,2961.716665,53,,5,Hero Show 已排除；Role资源池与 Role+Weapon资源池分列；Pet/Summon/Prop/InCar 分列；空值表示不可用，不等于0
character_bundle,Hero/Guna/Default/Combat,Hero/Guna,main,Hero,Guna,Default,Combat,True,4,1,5,0,0,0,0,5,105250,119955,0,0,0,0,279,279,0,0,0,0,499,499,451,482,702.716665,994.649997,57,,5,Hero Show 已排除；Role资源池与 Role+Weapon资源池分列；Pet/Summon/Prop/InCar 分列；空值表示不可用，不等于0
character_bundle,Hero/Hugin/Default/Combat,Hero/Hugin,main,Hero,Hugin,Default,Combat,True,6,2,8,0,0,0,0,8,221554,264477,0,0,0,0,250,267,0,0,0,0,496,536,989,7586,2513.800002,32058.583318,67,,5,Hero Show 已排除；Role资源池与 Role+Weapon资源池分列；Pet/Summon/Prop/InCar 分列；空值表示不可用，不等于0
character_bundle,Hero/Lisa/Default/Combat,Hero/Lisa,main,Hero,Lisa,Default,Combat,True,4,8,12,1,0,0,0,13,85282,144519,17458,0,0,0,257,597,77,0,0,0,509,944,499,587,1052.166668,2057.449996,74,,5,Hero Show 已排除；Role资源池与 Role+Weapon资源池分列；Pet/Summon/Prop/InCar 分列；空值表示不可用，不等于0
character_bundle,Hero/Lorin/Default/Combat,Hero/Lorin,main,Hero,Lorin,Default,Combat,True,4,2,6,0,0,0,0,6,83200,86276,0,0,0,0,166,173,0,0,0,0,312,336,860,2019,1766.799999,7434.63334,59,,5,Hero Show 已排除；Role资源池与 Role+Weapon资源池分列；Pet/Summon/Prop/InCar 分列；空值表示不可用，不等于0
character_bundle,Hero/Munin/Default/Combat,Hero/Munin,main,Hero,Munin,Default,Combat,True,6,2,8,0,0,0,0,8,214494,257188,0,0,0,0,172,189,0,0,0,0,394,434,1191,9267,3017.049999,37825.983333,69,,5,Hero Show 已排除；Role资源池与 Role+Weapon资源池分列；Pet/Summon/Prop/InCar 分列；空值表示不可用，不等于0
character_bundle,Hero/Rex/Default/Combat,Hero/Rex,main,Hero,Rex,Default,Combat,True,5,1,6,0,0,0,0,6,122955,138809,0,0,0,0,177,177,0,0,0,0,410,410,718,1001,1477.866665,2976.933331,54,,5,Hero Show 已排除；Role资源池与 Role+Weapon资源池分列；Pet/Summon/Prop/InCar 分列；空值表示不可用，不等于0
character_bundle,Hero/Rosy/Default/Combat,Hero/Rosy,main,Hero,Rosy,Default,Combat,True,4,8,12,0,0,0,0,12,184061,248373,0,0,0,0,264,463,0,0,0,0,483,690,842,1585,2210.166672,6857.500009,76,,5,Hero Show 已排除；Role资源池与 Role+Weapon资源池分列；Pet/Summon/Prop/InCar 分列；空值表示不可用，不等于0
character_bundle,Mob/Male/Butler/Default,Mob/Male/Butler,main,Mob,Butler,Default,Default,True,1,4,5,0,0,0,0,5,37518,48946,0,0,0,0,102,106,0,0,0,0,147,156,110,134,220.766666,329.499999,23,,5,Hero Show 已排除；Role资源池与 Role+Weapon资源池分列；Pet/Summon/Prop/InCar 分列；空值表示不可用，不等于0
character_bundle,Mob/CandleMob/Candleman/Default,Mob/CandleMob/Candleman,main,Mob,Candleman,Default,Default,True,3,0,3,0,0,0,0,3,,,0,0,0,0,,,0,0,0,0,316,316,103,363,232.633334,715.433334,18,,5,Hero Show 已排除；Role资源池与 Role+Weapon资源池分列；Pet/Summon/Prop/InCar 分列；空值表示不可用，不等于0
character_bundle,Mob/CandleMob/CandleStub/Default,Mob/CandleMob/CandleStub,main,Mob,CandleStub,Default,Default,True,1,0,1,0,0,0,0,1,5756,5756,0,0,0,0,19,19,0,0,0,0,32,32,42,42,57.666667,57.666667,4,,5,Hero Show 已排除；Role资源池与 Role+Weapon资源池分列；Pet/Summon/Prop/InCar 分列；空值表示不可用，不等于0
character_bundle,Mob/Cargo/CargoProtector/Default,Mob/Cargo/CargoProtector,main,Mob,CargoProtector,Default,Default,True,1,0,1,0,0,0,0,1,77157,77157,0,0,0,0,84,84,0,0,0,0,162,162,82,82,224.066668,224.066668,4,,5,Hero Show 已排除；Role资源池与 Role+Weapon资源池分列；Pet/Summon/Prop/InCar 分列；空值表示不可用，不等于0
character_bundle,Mob/ChastDefault/Chastener/Default,Mob/ChastDefault/Chastener,main,Mob,Chastener,Default,Default,True,1,0,1,0,0,0,0,1,56442,56442,0,0,0,0,83,83,0,0,0,0,185,185,117,117,288.483335,288.483335,14,,5,Hero Show 已排除；Role资源池与 Role+Weapon资源池分列；Pet/Summon/Prop/InCar 分列；空值表示不可用，不等于0
character_bundle,Mob/Chav/ChavChubby/Default,Mob/Chav/ChavChubby,main,Mob,ChavChubby,Default,Default,True,1,0,1,0,0,0,0,1,55415,55415,0,0,0,0,117,117,0,0,0,0,160,160,127,127,281.916667,281.916667,21,,5,Hero Show 已排除；Role资源池与 Role+Weapon资源池分列；Pet/Summon/Prop/InCar 分列；空值表示不可用，不等于0
character_bundle,Mob/Cicada/Default,Mob/Cicada,main,Mob,Cicada,Default,Default,True,2,0,2,0,0,0,0,2,32768,32768,0,0,0,0,143,143,0,0,0,0,201,201,0,0,0.0,0.0,8,,5,Hero Show 已排除；Role资源池与 Role+Weapon资源池分列；Pet/Summon/Prop/InCar 分列；空值表示不可用，不等于0
character_bundle,Mob/Debt/DebtCollector/Default,Mob/Debt/DebtCollector,main,Mob,DebtCollector,Default,Default,True,1,1,2,0,0,0,0,2,60965,70601,0,0,0,0,136,142,0,0,0,0,239,247,121,123,291.85,310.95,19,,5,Hero Show 已排除；Role资源池与 Role+Weapon资源池分列；Pet/Summon/Prop/InCar 分列；空值表示不可用，不等于0
character_bundle,Mob/DroneDefault/Default,Mob/DroneDefault,main,Mob,DroneDefault,Default,Default,True,1,1,2,0,0,0,0,2,24005,25929,0,0,0,0,24,27,0,0,0,0,30,33,79,79,84.983334,84.983334,8,,5,Hero Show 已排除；Role资源池与 Role+Weapon资源池分列；Pet/Summon/Prop/InCar 分列；空值表示不可用，不等于0
character_bundle,Mob/Male/Enforcer/Default,Mob/Male/Enforcer,main,Mob,Enforcer,Default,Default,True,4,6,10,0,0,0,0,10,134638,157728,0,0,0,0,248,282,0,0,0,0,352,412,290,378,588.633335,1108.816679,38,,5,Hero Show 已排除；Role资源池与 Role+Weapon资源池分列；Pet/Summon/Prop/InCar 分列；空值表示不可用，不等于0
character_bundle,Mob/Female/EnforcerFemale/Default,Mob/Female/EnforcerFemale,main,Mob,EnforcerFemale,Default,Default,True,1,2,3,0,0,0,0,3,39214,49550,0,0,0,0,80,101,0,0,0,0,121,145,126,126,320.88333,320.88333,21,,5,Hero Show 已排除；Role资源池与 Role+Weapon资源池分列；Pet/Summon/Prop/InCar 分列；空值表示不可用，不等于0
character_bundle,Mob/Female/EnforcerIron/Default,Mob/Female/EnforcerIron,main,Mob,EnforcerIron,Default,Default,True,1,1,2,0,0,0,0,2,51922,63885,0,0,0,0,172,174,0,0,0,0,268,274,113,113,250.949999,250.949999,23,,5,Hero Show 已排除；Role资源池与 Role+Weapon资源池分列；Pet/Summon/Prop/InCar 分列；空值表示不可用，不等于0
character_bundle,Mob/Male/EnforcerLeader/Default,Mob/Male/EnforcerLeader,main,Mob,EnforcerLeader,Default,Default,True,2,1,3,0,0,0,0,3,88512,96952,0,0,0,0,92,99,0,0,0,0,173,185,103,131,336.766665,457.033333,13,,5,Hero Show 已排除；Role资源池与 Role+Weapon资源池分列；Pet/Summon/Prop/InCar 分列；空值表示不可用，不等于0
character_bundle,Mob/Guard/GuardKnight/Default,Mob/Guard/GuardKnight,main,Mob,GuardKnight,Default,Default,True,1,1,2,0,0,0,0,2,49911,59677,0,0,0,0,128,130,0,0,0,0,169,175,97,145,219.683335,391.150002,11,,5,Hero Show 已排除；Role资源池与 Role+Weapon资源池分列；Pet/Summon/Prop/InCar 分列；空值表示不可用，不等于0
character_bundle,Mob/Harpy/HarpyDefault/Default,Mob/Harpy/HarpyDefault,main,Mob,HarpyDefault,Default,Default,True,1,0,1,0,0,0,0,1,50452,50452,0,0,0,0,201,201,0,0,0,0,320,320,76,90,175.566666,220.066666,13,,5,Hero Show 已排除；Role资源池与 Role+Weapon资源池分列；Pet/Summon/Prop/InCar 分列；空值表示不可用，不等于0
character_bundle,Mob/Male/HoodieLeader/Default,Mob/Male/HoodieLeader,main,Mob,HoodieLeader,Default,Default,True,1,4,5,0,0,0,0,5,46546,62082,0,0,0,0,100,110,0,0,0,0,132,142,102,102,223.400002,223.400002,26,,5,Hero Show 已排除；Role资源池与 Role+Weapon资源池分列；Pet/Summon/Prop/InCar 分列；空值表示不可用，不等于0
character_bundle,Mob/Male/HoodieMan/Default,Mob/Male/HoodieMan,main,Mob,HoodieMan,Default,Default,True,1,2,3,0,0,0,0,3,41753,47693,0,0,0,0,96,98,0,0,0,0,128,130,239,240,694.666665,695.083332,18,,5,Hero Show 已排除；Role资源池与 Role+Weapon资源池分列；Pet/Summon/Prop/InCar 分列；空值表示不可用，不等于0
character_bundle,Mob/Female/HoodieWoman/Default,Mob/Female/HoodieWoman,main,Mob,HoodieWoman,Default,Default,True,1,2,3,0,0,0,0,3,44752,51576,0,0,0,0,107,116,0,0,0,0,143,152,231,231,660.716667,660.716667,25,,5,Hero Show 已排除；Role资源池与 Role+Weapon资源池分列；Pet/Summon/Prop/InCar 分列；空值表示不可用，不等于0
character_bundle,Mob/Bayonet/MaidBayonet/Default,Mob/Bayonet/MaidBayonet,main,Mob,MaidBayonet,Default,Default,True,2,4,6,0,0,0,0,6,145020,157289,0,0,0,0,234,248,0,0,0,0,345,384,223,258,480.616666,583.149999,40,,5,Hero Show 已排除；Role资源池与 Role+Weapon资源池分列；Pet/Summon/Prop/InCar 分列；空值表示不可用，不等于0
character_bundle,Mob/Shield/MaidShield/Default,Mob/Shield/MaidShield,main,Mob,MaidShield,Default,Default,True,1,5,6,0,0,0,0,6,72735,112011,0,0,0,0,317,341,0,0,0,0,426,475,120,142,379.300001,471.666668,45,,5,Hero Show 已排除；Role资源池与 Role+Weapon资源池分列；Pet/Summon/Prop/InCar 分列；空值表示不可用，不等于0
character_bundle,Mob/Manhole/ManholeCover/Default,Mob/Manhole/ManholeCover,main,Mob,ManholeCover,Default,Default,True,2,0,2,0,0,0,0,2,19289,19289,0,0,0,0,15,15,0,0,0,0,17,17,19,19,26.633333,26.633333,6,,5,Hero Show 已排除；Role资源池与 Role+Weapon资源池分列；Pet/Summon/Prop/InCar 分列；空值表示不可用，不等于0
character_bundle,Mob/Male/Ork/Default,Mob/Male/Ork,main,Mob,Ork,Default,Default,True,1,6,7,0,0,0,0,7,48663,76565,0,0,0,0,89,100,0,0,0,0,125,136,101,101,223.05,223.05,12,,5,Hero Show 已排除；Role资源池与 Role+Weapon资源池分列；Pet/Summon/Prop/InCar 分列；空值表示不可用，不等于0
character_bundle,Mob/RabiesFemale/RabiesMaba/Default,Mob/RabiesFemale/RabiesMaba,main,Mob,RabiesMaba,Default,Default,True,1,1,2,0,0,0,0,2,40766,41102,0,0,0,0,122,125,0,0,0,0,168,171,109,109,258.716666,258.716666,28,,5,Hero Show 已排除；Role资源池与 Role+Weapon资源池分列；Pet/Summon/Prop/InCar 分列；空值表示不可用，不等于0
character_bundle,Mob/RabiesMale/RabiesPaba/Default,Mob/RabiesMale/RabiesPaba,main,Mob,RabiesPaba,Default,Default,True,1,0,1,0,0,0,0,1,36335,36335,0,0,0,0,102,102,0,0,0,0,141,141,105,105,244.616667,244.616667,28,,5,Hero Show 已排除；Role资源池与 Role+Weapon资源池分列；Pet/Summon/Prop/InCar 分列；空值表示不可用，不等于0
character_bundle,Mob/Fish/SilverFish/Default,Mob/Fish/SilverFish,main,Mob,SilverFish,SilverFish,Default,True,1,0,1,0,0,0,0,1,8132,8132,0,0,0,0,16,16,0,0,0,0,16,16,66,66,109.6,109.6,4,,5,Hero Show 已排除；Role资源池与 Role+Weapon资源池分列；Pet/Summon/Prop/InCar 分列；空值表示不可用，不等于0
character_bundle,Mob/Fish/SilverFishEletrical/Default,Mob/Fish/SilverFish,extra,Mob,SilverFish,SilverFishEletrical,Default,False,1,0,1,0,0,0,0,1,8132,8132,0,0,0,0,16,16,0,0,0,0,16,16,66,66,109.6,109.6,15,,5,Hero Show 已排除；Role资源池与 Role+Weapon资源池分列；Pet/Summon/Prop/InCar 分列；空值表示不可用，不等于0
character_bundle,Mob/Fish/SilverFishFallout/Default,Mob/Fish/SilverFish,extra,Mob,SilverFish,SilverFishFallout,Default,False,1,0,1,0,0,0,0,1,8132,8132,0,0,0,0,16,16,0,0,0,0,16,16,66,66,109.6,109.6,14,,5,Hero Show 已排除；Role资源池与 Role+Weapon资源池分列；Pet/Summon/Prop/InCar 分列；空值表示不可用，不等于0
character_bundle,Mob/Fish/SilverFishFire/Default,Mob/Fish/SilverFish,extra,Mob,SilverFish,SilverFishFire,Default,False,1,0,1,0,0,0,0,1,8132,8132,0,0,0,0,16,16,0,0,0,0,16,16,66,66,109.6,109.6,16,,5,Hero Show 已排除；Role资源池与 Role+Weapon资源池分列；Pet/Summon/Prop/InCar 分列；空值表示不可用，不等于0
character_bundle,Mob/Fish/SilverFishGravity/Default,Mob/Fish/SilverFish,extra,Mob,SilverFish,SilverFishGravity,Default,False,1,0,1,0,0,0,0,1,8132,8132,0,0,0,0,16,16,0,0,0,0,16,16,66,66,109.6,109.6,15,,5,Hero Show 已排除；Role资源池与 Role+Weapon资源池分列；Pet/Summon/Prop/InCar 分列；空值表示不可用，不等于0
character_bundle,Mob/Fish/SilverFishIce/Default,Mob/Fish/SilverFish,extra,Mob,SilverFish,SilverFishIce,Default,False,1,0,1,0,0,0,0,1,8132,8132,0,0,0,0,16,16,0,0,0,0,16,16,66,66,109.6,109.6,16,,5,Hero Show 已排除；Role资源池与 Role+Weapon资源池分列；Pet/Summon/Prop/InCar 分列；空值表示不可用，不等于0
character_bundle,Mob/Fish/SilverFishRust/Default,Mob/Fish/SilverFish,extra,Mob,SilverFish,SilverFishRust,Default,False,1,0,1,0,0,0,0,1,8132,8132,0,0,0,0,16,16,0,0,0,0,16,16,66,66,109.6,109.6,12,,5,Hero Show 已排除；Role资源池与 Role+Weapon资源池分列；Pet/Summon/Prop/InCar 分列；空值表示不可用，不等于0
character_bundle,Mob/Fish/SilverFishSilver/Default,Mob/Fish/SilverFish,extra,Mob,SilverFish,SilverFishSilver,Default,False,1,0,1,0,0,0,0,1,8132,8132,0,0,0,0,16,16,0,0,0,0,16,16,66,66,109.6,109.6,14,,5,Hero Show 已排除；Role资源池与 Role+Weapon资源池分列；Pet/Summon/Prop/InCar 分列；空值表示不可用，不等于0
character_bundle,Mob/Male/Thug/Default,Mob/Male/Thug,main,Mob,Thug,Default,Default,True,1,4,5,0,0,0,0,5,38419,44881,0,0,0,0,87,91,0,0,0,0,123,127,112,207,291.916665,536.449998,23,,5,Hero Show 已排除；Role资源池与 Role+Weapon资源池分列；Pet/Summon/Prop/InCar 分列；空值表示不可用，不等于0
character_bundle,Mob/Male/TraineeKnight/Default,Mob/Male/TraineeKnight,main,Mob,TraineeKnight,Default,Default,True,1,3,4,0,0,0,0,4,47688,60184,0,0,0,0,160,166,0,0,0,0,225,243,159,394,314.383333,1092.950003,20,,5,Hero Show 已排除；Role资源池与 Role+Weapon资源池分列；Pet/Summon/Prop/InCar 分列；空值表示不可用，不等于0
character_bundle,Mob/WaxMaskWoman/WaxMaskFemale/Default,Mob/WaxMaskWoman/WaxMaskFemale,main,Mob,WaxMaskFemale,Default,Default,True,1,1,2,0,0,0,0,2,29247,30483,0,0,0,0,112,119,0,0,0,0,217,229,84,158,185.150001,357.150001,19,,5,Hero Show 已排除；Role资源池与 Role+Weapon资源池分列；Pet/Summon/Prop/InCar 分列；空值表示不可用，不等于0
character_bundle,Mob/WaxMaskMan/WaxMaskMale/Default,Mob/WaxMaskMan/WaxMaskMale,main,Mob,WaxMaskMale,Default,Default,True,1,0,1,0,0,0,0,1,32241,32241,0,0,0,0,65,65,0,0,0,0,141,141,79,215,180.716667,492.549999,20,,5,Hero Show 已排除；Role资源池与 Role+Weapon资源池分列；Pet/Summon/Prop/InCar 分列；空值表示不可用，不等于0
character_bundle,Mob/Werewolf/WerewolfDefault/Default,Mob/Werewolf/WerewolfDefault,main,Mob,WerewolfDefault,Default,Default,True,1,0,1,0,0,0,0,1,75019,75019,0,0,0,0,166,166,0,0,0,0,222,222,92,187,198.233335,400.066669,19,,5,Hero Show 已排除；Role资源池与 Role+Weapon资源池分列；Pet/Summon/Prop/InCar 分列；空值表示不可用，不等于0
character_bundle,NPC/Class_A/201005/Default,NPC/Class_A/201005,main,NPC,201005,Default,Default,True,3,0,3,0,0,0,0,3,39596,39596,0,0,0,0,212,212,0,0,0,0,337,337,1,38,32.266666,223.566665,27,,5,Hero Show 已排除；Role资源池与 Role+Weapon资源池分列；Pet/Summon/Prop/InCar 分列；空值表示不可用，不等于0
character_bundle,NPC/Class_A/201016/Default,NPC/Class_A/201016,main,NPC,201016,Default,Default,True,4,0,4,0,0,0,0,4,40540,40540,0,0,0,0,114,114,0,0,0,0,219,219,0,0,0.0,0.0,32,,5,Hero Show 已排除；Role资源池与 Role+Weapon资源池分列；Pet/Summon/Prop/InCar 分列；空值表示不可用，不等于0
character_bundle,NPC/Class_A/203016/Default,NPC/Class_A/203016,main,NPC,203016,Default,Default,True,1,0,1,0,0,0,0,1,4614,4614,0,0,0,0,79,79,0,0,0,0,90,90,2,5,0.066667,37.983334,6,,5,Hero Show 已排除；Role资源池与 Role+Weapon资源池分列；Pet/Summon/Prop/InCar 分列；空值表示不可用，不等于0
character_bundle,NPC/Class_A/203017/Default,NPC/Class_A/203017,main,NPC,203017,Default,Default,True,1,0,1,0,0,0,0,1,4614,4614,0,0,0,0,79,79,0,0,0,0,90,90,2,4,0.066667,32.591666,6,,5,Hero Show 已排除；Role资源池与 Role+Weapon资源池分列；Pet/Summon/Prop/InCar 分列；空值表示不可用，不等于0
character_bundle,NPC/Class_A/203018/Default,NPC/Class_A/203018,main,NPC,203018,Default,Default,True,1,0,1,0,0,0,0,1,7756,7756,0,0,0,0,78,78,0,0,0,0,90,90,0,0,0.0,0.0,4,,5,Hero Show 已排除；Role资源池与 Role+Weapon资源池分列；Pet/Summon/Prop/InCar 分列；空值表示不可用，不等于0
character_bundle,NPC/Class_A/210001/Default,NPC/Class_A/210001,main,NPC,210001,Default,Default,True,4,0,4,0,0,0,0,4,20786,20786,0,0,0,0,139,139,0,0,0,0,217,217,41,76,3.033333,154.7,37,,5,Hero Show 已排除；Role资源池与 Role+Weapon资源池分列；Pet/Summon/Prop/InCar 分列；空值表示不可用，不等于0
character_bundle,NPC/Class_A/210002/Default,NPC/Class_A/210002,main,NPC,210002,Default,Default,True,4,0,4,0,0,0,0,4,30258,30258,0,0,0,0,161,161,0,0,0,0,325,325,53,105,12.0,193.5,37,,5,Hero Show 已排除；Role资源池与 Role+Weapon资源池分列；Pet/Summon/Prop/InCar 分列；空值表示不可用，不等于0
character_bundle,NPC/Class_A/210003/Default,NPC/Class_A/210003,main,NPC,210003,Default,Default,True,3,0,3,0,0,0,0,3,21722,21722,0,0,0,0,110,110,0,0,0,0,246,246,35,85,1.166667,140.6,35,,5,Hero Show 已排除；Role资源池与 Role+Weapon资源池分列；Pet/Summon/Prop/InCar 分列；空值表示不可用，不等于0
character_bundle,NPC/Class_A/210004/Default,NPC/Class_A/210004,main,NPC,210004,Default,Default,True,4,0,4,0,0,0,0,4,24725,24725,0,0,0,0,92,92,0,0,0,0,233,233,41,78,1.666667,182.83333,39,,5,Hero Show 已排除；Role资源池与 Role+Weapon资源池分列；Pet/Summon/Prop/InCar 分列；空值表示不可用，不等于0
character_bundle,NPC/Class_A/210005/Default,NPC/Class_A/210005,main,NPC,210005,Default,Default,True,4,0,4,0,0,0,0,4,25453,25453,0,0,0,0,108,108,0,0,0,0,202,202,1,90,0.033333,320.233334,38,,5,Hero Show 已排除；Role资源池与 Role+Weapon资源池分列；Pet/Summon/Prop/InCar 分列；空值表示不可用，不等于0
character_bundle,NPC/Class_A/210006/Default,NPC/Class_A/210006,main,NPC,210006,Default,Default,True,3,0,3,0,0,0,0,3,28691,28691,0,0,0,0,152,152,0,0,0,0,242,242,0,45,0.0,249.566666,32,,5,Hero Show 已排除；Role资源池与 Role+Weapon资源池分列；Pet/Summon/Prop/InCar 分列；空值表示不可用，不等于0
character_bundle,NPC/Class_A/210007/Default,NPC/Class_A/210007,main,NPC,210007,Default,Default,True,4,0,4,0,0,0,0,4,25778,25778,0,0,0,0,136,136,0,0,0,0,276,276,41,112,1.366667,264.366667,35,,5,Hero Show 已排除；Role资源池与 Role+Weapon资源池分列；Pet/Summon/Prop/InCar 分列；空值表示不可用，不等于0
character_bundle,NPC/Class_A/210008/Default,NPC/Class_A/210008,main,NPC,210008,Default,Default,True,4,0,4,0,0,0,0,4,29112,29112,0,0,0,0,140,140,0,0,0,0,254,254,0,120,0.0,378.133334,36,,5,Hero Show 已排除；Role资源池与 Role+Weapon资源池分列；Pet/Summon/Prop/InCar 分列；空值表示不可用，不等于0
character_bundle,NPC/Class_A/210009/Default,NPC/Class_A/210009,main,NPC,210009,Default,Default,True,3,0,3,0,0,0,0,3,23375,23375,0,0,0,0,114,114,0,0,0,0,221,221,41,68,1.366667,94.199999,31,,5,Hero Show 已排除；Role资源池与 Role+Weapon资源池分列；Pet/Summon/Prop/InCar 分列；空值表示不可用，不等于0
character_bundle,NPC/Class_A/210010/Default,NPC/Class_A/210010,main,NPC,210010,Default,Default,True,3,0,3,0,0,0,0,3,21183,21183,0,0,0,0,124,124,0,0,0,0,236,236,0,38,0.0,146.7,32,,5,Hero Show 已排除；Role资源池与 Role+Weapon资源池分列；Pet/Summon/Prop/InCar 分列；空值表示不可用，不等于0
character_bundle,NPC/Class_A/210011/Default,NPC/Class_A/210011,main,NPC,210011,Default,Default,True,3,0,3,0,0,0,0,3,35783,35783,0,0,0,0,113,113,0,0,0,0,206,206,0,45,0.0,233.266668,27,,5,Hero Show 已排除；Role资源池与 Role+Weapon资源池分列；Pet/Summon/Prop/InCar 分列；空值表示不可用，不等于0
character_bundle,NPC/Class_A/210012/Default,NPC/Class_A/210012,main,NPC,210012,Default,Default,True,3,0,3,0,0,0,0,3,35719,35719,0,0,0,0,113,113,0,0,0,0,206,206,1,35,2.0,190.349999,27,,5,Hero Show 已排除；Role资源池与 Role+Weapon资源池分列；Pet/Summon/Prop/InCar 分列；空值表示不可用，不等于0
character_bundle,NPC/Class_A/210013/Default,NPC/Class_A/210013,main,NPC,210013,Default,Default,True,3,0,3,0,0,0,0,3,42290,42290,0,0,0,0,108,108,0,0,0,0,191,191,16,113,36.933333,479.733331,27,,5,Hero Show 已排除；Role资源池与 Role+Weapon资源池分列；Pet/Summon/Prop/InCar 分列；空值表示不可用，不等于0
character_bundle,NPC/Class_A/210014/Default,NPC/Class_A/210014,main,NPC,210014,Default,Default,True,4,0,4,0,0,0,0,4,40572,40572,0,0,0,0,114,114,0,0,0,0,241,241,0,54,0.0,139.733333,34,,5,Hero Show 已排除；Role资源池与 Role+Weapon资源池分列；Pet/Summon/Prop/InCar 分列；空值表示不可用，不等于0
character_bundle,NPC/Class_A/210015/Default,NPC/Class_A/210015,main,NPC,210015,Default,Default,True,4,0,4,0,0,0,0,4,40820,40820,0,0,0,0,114,114,0,0,0,0,202,202,0,35,0.0,118.033334,33,,5,Hero Show 已排除；Role资源池与 Role+Weapon资源池分列；Pet/Summon/Prop/InCar 分列；空值表示不可用，不等于0
character_bundle,NPC/Class_A/210016/Default,NPC/Class_A/210016,main,NPC,210016,Default,Default,True,3,0,3,0,0,0,0,3,24811,24811,0,0,0,0,113,113,0,0,0,0,244,244,0,42,0.0,171.633332,34,,5,Hero Show 已排除；Role资源池与 Role+Weapon资源池分列；Pet/Summon/Prop/InCar 分列；空值表示不可用，不等于0
character_bundle,NPC/Class_A/210017/Default,NPC/Class_A/210017,main,NPC,210017,Default,Default,True,3,0,3,0,0,0,0,3,35783,35783,0,0,0,0,114,114,0,0,0,0,207,207,1,36,2.0,110.600001,27,,5,Hero Show 已排除；Role资源池与 Role+Weapon资源池分列；Pet/Summon/Prop/InCar 分列；空值表示不可用，不等于0
character_bundle,NPC/Class_A/210018/Default,NPC/Class_A/210018,main,NPC,210018,Default,Default,True,1,0,1,0,0,0,0,1,49255,49255,0,0,0,0,130,130,0,0,0,0,190,190,3,18,1.8,95.533333,8,,5,Hero Show 已排除；Role资源池与 Role+Weapon资源池分列；Pet/Summon/Prop/InCar 分列；空值表示不可用，不等于0
character_bundle,NPC/Class_A/210019/Default,NPC/Class_A/210019,main,NPC,210019,Default,Default,True,4,0,4,0,0,0,0,4,40572,40572,0,0,0,0,116,116,0,0,0,0,241,241,0,27,0.0,130.300001,32,,5,Hero Show 已排除；Role资源池与 Role+Weapon资源池分列；Pet/Summon/Prop/InCar 分列；空值表示不可用，不等于0
character_bundle,NPC/Class_A/210020/Default,NPC/Class_A/210020,main,NPC,210020,Default,Default,True,4,0,4,0,0,0,0,4,22695,22695,0,0,0,0,104,104,0,0,0,0,195,195,138,138,158.666669,158.666669,36,,5,Hero Show 已排除；Role资源池与 Role+Weapon资源池分列；Pet/Summon/Prop/InCar 分列；空值表示不可用，不等于0
character_bundle,NPC/Class_A/210021/Default,NPC/Class_A/210021,main,NPC,210021,Default,Default,True,4,0,4,0,0,0,0,4,23924,23924,0,0,0,0,132,132,0,0,0,0,237,237,0,5,0.0,36.066667,38,,5,Hero Show 已排除；Role资源池与 Role+Weapon资源池分列；Pet/Summon/Prop/InCar 分列；空值表示不可用，不等于0
character_bundle,NPC/Class_A/210022/Default,NPC/Class_A/210022,main,NPC,210022,Default,Default,True,3,0,3,0,0,0,0,3,28203,28203,0,0,0,0,147,147,0,0,0,0,264,264,4,52,18.333334,183.733334,33,,5,Hero Show 已排除；Role资源池与 Role+Weapon资源池分列；Pet/Summon/Prop/InCar 分列；空值表示不可用，不等于0
character_bundle,NPC/Class_A/210023/Default,NPC/Class_A/210023,main,NPC,210023,Default,Default,True,4,0,4,0,0,0,0,4,32295,32295,0,0,0,0,142,142,0,0,0,0,285,285,0,2,0.0,4.433333,37,,5,Hero Show 已排除；Role资源池与 Role+Weapon资源池分列；Pet/Summon/Prop/InCar 分列；空值表示不可用，不等于0
character_bundle,NPC/Class_A/210024/Default,NPC/Class_A/210024,main,NPC,210024,Default,Default,True,3,0,3,0,0,0,0,3,39243,39243,0,0,0,0,122,122,0,0,0,0,208,208,0,12,0.0,45.366667,27,,5,Hero Show 已排除；Role资源池与 Role+Weapon资源池分列；Pet/Summon/Prop/InCar 分列；空值表示不可用，不等于0
character_bundle,NPC/Class_A/210025/Default,NPC/Class_A/210025,main,NPC,210025,Default,Default,True,3,0,3,0,0,0,0,3,25741,25741,0,0,0,0,140,140,0,0,0,0,249,249,0,188,0.0,921.933335,32,,5,Hero Show 已排除；Role资源池与 Role+Weapon资源池分列；Pet/Summon/Prop/InCar 分列；空值表示不可用，不等于0
character_bundle,NPC/Class_A/210026/Default,NPC/Class_A/210026,main,NPC,210026,Default,Default,True,3,0,3,0,0,0,0,3,24207,24207,0,0,0,0,131,131,0,0,0,0,292,292,1,53,31.333334,319.733334,31,,5,Hero Show 已排除；Role资源池与 Role+Weapon资源池分列；Pet/Summon/Prop/InCar 分列；空值表示不可用，不等于0
character_bundle,NPC/Class_A/210027/Default,NPC/Class_A/210027,main,NPC,210027,Default,Default,True,3,0,3,0,0,0,0,3,24527,24527,0,0,0,0,103,103,0,0,0,0,223,223,2,15,0.066667,34.566667,33,,5,Hero Show 已排除；Role资源池与 Role+Weapon资源池分列；Pet/Summon/Prop/InCar 分列；空值表示不可用，不等于0
character_bundle,NPC/Class_A/210028/Default,NPC/Class_A/210028,main,NPC,210028,Default,Default,True,4,0,4,0,0,0,0,4,21523,21523,0,0,0,0,126,126,0,0,0,0,236,236,0,30,0.0,102.133335,36,,5,Hero Show 已排除；Role资源池与 Role+Weapon资源池分列；Pet/Summon/Prop/InCar 分列；空值表示不可用，不等于0
character_bundle,NPC/Class_A/210029/Default,NPC/Class_A/210029,main,NPC,210029,Default,Default,True,3,0,3,0,0,0,0,3,23034,23034,0,0,0,0,136,136,0,0,0,0,260,260,0,21,0.0,93.766667,32,,5,Hero Show 已排除；Role资源池与 Role+Weapon资源池分列；Pet/Summon/Prop/InCar 分列；空值表示不可用，不等于0
character_bundle,NPC/Class_A/210030/Default,NPC/Class_A/210030,main,NPC,210030,Default,Default,True,3,0,3,0,0,0,0,3,21643,21643,0,0,0,0,124,124,0,0,0,0,256,256,0,3,0.0,8.6,34,,5,Hero Show 已排除；Role资源池与 Role+Weapon资源池分列；Pet/Summon/Prop/InCar 分列；空值表示不可用，不等于0
character_bundle,NPC/Class_A/210031/Default,NPC/Class_A/210031,main,NPC,210031,Default,Default,True,3,0,3,0,0,0,0,3,39518,39518,0,0,0,0,108,108,0,0,0,0,191,191,2,2,0.066667,0.066667,34,,5,Hero Show 已排除；Role资源池与 Role+Weapon资源池分列；Pet/Summon/Prop/InCar 分列；空值表示不可用，不等于0
character_bundle,NPC/Class_A/210032/Default,NPC/Class_A/210032,main,NPC,210032,Default,Default,True,3,0,3,0,0,0,0,3,32471,32471,0,0,0,0,113,113,0,0,0,0,191,191,0,24,0.0,162.400002,29,,5,Hero Show 已排除；Role资源池与 Role+Weapon资源池分列；Pet/Summon/Prop/InCar 分列；空值表示不可用，不等于0
character_bundle,NPC/Class_A/210033/Default,NPC/Class_A/210033,main,NPC,210033,Default,Default,True,3,0,3,0,0,0,0,3,34848,34848,0,0,0,0,113,113,0,0,0,0,228,228,0,28,0.0,143.5,28,,5,Hero Show 已排除；Role资源池与 Role+Weapon资源池分列；Pet/Summon/Prop/InCar 分列；空值表示不可用，不等于0
character_bundle,NPC/Class_A/210034/Default,NPC/Class_A/210034,main,NPC,210034,Default,Default,True,4,0,4,0,0,0,0,4,32855,32855,0,0,0,0,142,142,0,0,0,0,286,286,0,117,0.0,714.266669,37,,5,Hero Show 已排除；Role资源池与 Role+Weapon资源池分列；Pet/Summon/Prop/InCar 分列；空值表示不可用，不等于0
character_bundle,NPC/Class_A/210035/Default,NPC/Class_A/210035,main,NPC,210035,Default,Default,True,4,0,4,0,0,0,0,4,35495,35495,0,0,0,0,163,163,0,0,0,0,319,319,11,77,0.366667,177.966666,35,,5,Hero Show 已排除；Role资源池与 Role+Weapon资源池分列；Pet/Summon/Prop/InCar 分列；空值表示不可用，不等于0
character_bundle,NPC/Class_A/210036/Default,NPC/Class_A/210036,main,NPC,210036,Default,Default,True,4,0,4,0,0,0,0,4,30718,30718,0,0,0,0,123,123,0,0,0,0,236,236,0,0,0.0,0.0,36,,5,Hero Show 已排除；Role资源池与 Role+Weapon资源池分列；Pet/Summon/Prop/InCar 分列；空值表示不可用，不等于0
character_bundle,NPC/Class_A/210037/Default,NPC/Class_A/210037,main,NPC,210037,Default,Default,True,3,0,3,0,0,0,0,3,23539,23539,0,0,0,0,104,104,0,0,0,0,201,201,10,14,0.333333,10.966667,32,,5,Hero Show 已排除；Role资源池与 Role+Weapon资源池分列；Pet/Summon/Prop/InCar 分列；空值表示不可用，不等于0
character_bundle,NPC/Class_A/210038/Default,NPC/Class_A/210038,main,NPC,210038,Default,Default,True,4,0,4,0,0,0,0,4,28757,28757,0,0,0,0,140,140,0,0,0,0,266,266,11,14,43.766667,51.266667,37,,5,Hero Show 已排除；Role资源池与 Role+Weapon资源池分列；Pet/Summon/Prop/InCar 分列；空值表示不可用，不等于0
character_bundle,NPC/Class_A/210039/Default,NPC/Class_A/210039,main,NPC,210039,Default,Default,True,4,0,4,0,0,0,0,4,24344,24344,0,0,0,0,117,117,0,0,0,0,209,209,2,2,0.066667,0.066667,36,,5,Hero Show 已排除；Role资源池与 Role+Weapon资源池分列；Pet/Summon/Prop/InCar 分列；空值表示不可用，不等于0
character_bundle,NPC/Class_A/210040/Default,NPC/Class_A/210040,main,NPC,210040,Default,Default,True,3,0,3,0,0,0,0,3,21903,21903,0,0,0,0,113,113,0,0,0,0,240,240,10,13,0.333333,10.933333,35,,5,Hero Show 已排除；Role资源池与 Role+Weapon资源池分列；Pet/Summon/Prop/InCar 分列；空值表示不可用，不等于0
character_bundle,NPC/Class_A/210041/Default,NPC/Class_A/210041,main,NPC,210041,Default,Default,True,3,0,3,0,0,0,0,3,42538,42538,0,0,0,0,106,106,0,0,0,0,223,223,35,35,1.166667,1.166667,27,,5,Hero Show 已排除；Role资源池与 Role+Weapon资源池分列；Pet/Summon/Prop/InCar 分列；空值表示不可用，不等于0
character_bundle,NPC/Class_A/210042/Default,NPC/Class_A/210042,main,NPC,210042,Default,Default,True,3,0,3,0,0,0,0,3,21757,21757,0,0,0,0,113,113,0,0,0,0,221,221,43,43,1.766667,1.766667,35,,5,Hero Show 已排除；Role资源池与 Role+Weapon资源池分列；Pet/Summon/Prop/InCar 分列；空值表示不可用，不等于0
character_bundle,NPC/Class_A/210043/Default,NPC/Class_A/210043,main,NPC,210043,Default,Default,True,3,0,3,0,0,0,0,3,26487,26487,0,0,0,0,104,104,0,0,0,0,190,190,35,35,1.166667,1.166667,31,,5,Hero Show 已排除；Role资源池与 Role+Weapon资源池分列；Pet/Summon/Prop/InCar 分列；空值表示不可用，不等于0
character_bundle,NPC/Class_A/210044/Default,NPC/Class_A/210044,main,NPC,210044,Default,Default,True,3,0,3,0,0,0,0,3,40174,40174,0,0,0,0,106,106,0,0,0,0,191,191,0,9,0.0,44.866667,24,,5,Hero Show 已排除；Role资源池与 Role+Weapon资源池分列；Pet/Summon/Prop/InCar 分列；空值表示不可用，不等于0
character_bundle,NPC/Class_A/210045/Default,NPC/Class_A/210045,main,NPC,210045,Default,Default,True,4,0,4,0,0,0,0,4,24207,24207,0,0,0,0,132,132,0,0,0,0,258,258,2,8,0.066667,27.566667,36,,5,Hero Show 已排除；Role资源池与 Role+Weapon资源池分列；Pet/Summon/Prop/InCar 分列；空值表示不可用，不等于0
character_bundle,NPC/Class_A/210046/Default,NPC/Class_A/210046,main,NPC,210046,Default,Default,True,4,0,4,0,0,0,0,4,24187,24187,0,0,0,0,160,160,0,0,0,0,346,346,36,45,1.2,29.233334,37,,5,Hero Show 已排除；Role资源池与 Role+Weapon资源池分列；Pet/Summon/Prop/InCar 分列；空值表示不可用，不等于0
character_bundle,NPC/Class_A/210047/Default,NPC/Class_A/210047,main,NPC,210047,Default,Default,True,4,0,4,0,0,0,0,4,34470,34470,0,0,0,0,184,184,0,0,0,0,387,387,3,3,0.1,0.1,36,,5,Hero Show 已排除；Role资源池与 Role+Weapon资源池分列；Pet/Summon/Prop/InCar 分列；空值表示不可用，不等于0
character_bundle,NPC/Class_A/210048/Default,NPC/Class_A/210048,main,NPC,210048,Default,Default,True,4,0,4,0,0,0,0,4,28800,28800,0,0,0,0,160,160,0,0,0,0,352,352,0,10,0.0,30.066667,36,,5,Hero Show 已排除；Role资源池与 Role+Weapon资源池分列；Pet/Summon/Prop/InCar 分列；空值表示不可用，不等于0
character_bundle,NPC/Class_A/210049/Default,NPC/Class_A/210049,main,NPC,210049,Default,Default,True,4,0,4,0,0,0,0,4,20310,20310,0,0,0,0,119,119,0,0,0,0,214,214,2,2,0.066667,0.066667,36,,5,Hero Show 已排除；Role资源池与 Role+Weapon资源池分列；Pet/Summon/Prop/InCar 分列；空值表示不可用，不等于0
character_bundle,NPC/Class_A/210050/Default,NPC/Class_A/210050,main,NPC,210050,Default,Default,True,4,0,4,0,0,0,0,4,29893,29893,0,0,0,0,143,143,0,0,0,0,267,267,2,15,54.666666,106.033333,35,,5,Hero Show 已排除；Role资源池与 Role+Weapon资源池分列；Pet/Summon/Prop/InCar 分列；空值表示不可用，不等于0
character_bundle,NPC/Class_A/210051/Default,NPC/Class_A/210051,main,NPC,210051,Default,Default,True,3,0,3,0,0,0,0,3,24023,24023,0,0,0,0,114,114,0,0,0,0,242,242,35,35,1.166667,1.166667,29,,5,Hero Show 已排除；Role资源池与 Role+Weapon资源池分列；Pet/Summon/Prop/InCar 分列；空值表示不可用，不等于0
character_bundle,NPC/Class_A/210052/Default,NPC/Class_A/210052,main,NPC,210052,Default,Default,True,3,0,3,0,0,0,0,3,22819,22819,0,0,0,0,133,133,0,0,0,0,240,240,1,10,0.033333,52.866668,32,,5,Hero Show 已排除；Role资源池与 Role+Weapon资源池分列；Pet/Summon/Prop/InCar 分列；空值表示不可用，不等于0
character_bundle,NPC/Class_A/210053/Default,NPC/Class_A/210053,main,NPC,210053,Default,Default,True,4,0,4,0,0,0,0,4,22621,22621,0,0,0,0,134,134,0,0,0,0,291,291,2,8,0.066667,27.566667,36,,5,Hero Show 已排除；Role资源池与 Role+Weapon资源池分列；Pet/Summon/Prop/InCar 分列；空值表示不可用，不等于0
character_bundle,NPC/Class_A/210054/Default,NPC/Class_A/210054,main,NPC,210054,Default,Default,True,3,0,3,0,0,0,0,3,24785,24785,0,0,0,0,112,112,0,0,0,0,239,239,2,2,0.066667,0.066667,31,,5,Hero Show 已排除；Role资源池与 Role+Weapon资源池分列；Pet/Summon/Prop/InCar 分列；空值表示不可用，不等于0
character_bundle,NPC/Class_A/210055/Default,NPC/Class_A/210055,main,NPC,210055,Default,Default,True,3,0,3,0,0,0,0,3,29090,29090,0,0,0,0,123,123,0,0,0,0,234,234,1,69,27.866667,249.899999,32,,5,Hero Show 已排除；Role资源池与 Role+Weapon资源池分列；Pet/Summon/Prop/InCar 分列；空值表示不可用，不等于0
character_bundle,NPC/Class_A/210056/Default,NPC/Class_A/210056,main,NPC,210056,Default,Default,True,3,0,3,0,0,0,0,3,34688,34688,0,0,0,0,163,163,0,0,0,0,313,313,0,0,0.0,0.0,32,,5,Hero Show 已排除；Role资源池与 Role+Weapon资源池分列；Pet/Summon/Prop/InCar 分列；空值表示不可用，不等于0
character_bundle,NPC/Class_A/210057/Default,NPC/Class_A/210057,main,NPC,210057,Default,Default,True,3,0,3,0,0,0,0,3,22404,22404,0,0,0,0,112,112,0,0,0,0,191,191,2,2,0.066667,0.066667,32,,5,Hero Show 已排除；Role资源池与 Role+Weapon资源池分列；Pet/Summon/Prop/InCar 分列；空值表示不可用，不等于0
character_bundle,NPC/Class_A/210058/Default,NPC/Class_A/210058,main,NPC,210058,Default,Default,True,4,0,4,0,0,0,0,4,40108,40108,0,0,0,0,114,114,0,0,0,0,241,241,0,21,0.0,86.766667,31,,5,Hero Show 已排除；Role资源池与 Role+Weapon资源池分列；Pet/Summon/Prop/InCar 分列；空值表示不可用，不等于0
character_bundle,NPC/Class_A/210059/Default,NPC/Class_A/210059,main,NPC,210059,Default,Default,True,1,0,1,0,0,0,0,1,49255,49255,0,0,0,0,130,130,0,0,0,0,190,190,2,2,0.066667,0.066667,10,,5,Hero Show 已排除；Role资源池与 Role+Weapon资源池分列；Pet/Summon/Prop/InCar 分列；空值表示不可用，不等于0
character_bundle,NPC/Class_A/210060/Default,NPC/Class_A/210060,main,NPC,210060,Default,Default,True,3,0,3,0,0,0,0,3,20500,20500,0,0,0,0,111,111,0,0,0,0,203,203,2,10,0.066667,23.300001,31,,5,Hero Show 已排除；Role资源池与 Role+Weapon资源池分列；Pet/Summon/Prop/InCar 分列；空值表示不可用，不等于0
character_bundle,NPC/Class_A/210061/Default,NPC/Class_A/210061,main,NPC,210061,Default,Default,True,4,0,4,0,0,0,0,4,24687,24687,0,0,0,0,126,126,0,0,0,0,207,207,42,42,3.733333,3.733333,29,,5,Hero Show 已排除；Role资源池与 Role+Weapon资源池分列；Pet/Summon/Prop/InCar 分列；空值表示不可用，不等于0
character_bundle,NPC/Class_A/210062/Default,NPC/Class_A/210062,main,NPC,210062,Default,Default,True,3,0,3,0,0,0,0,3,27159,27159,0,0,0,0,148,148,0,0,0,0,315,315,2,2,0.066667,0.066667,33,,5,Hero Show 已排除；Role资源池与 Role+Weapon资源池分列；Pet/Summon/Prop/InCar 分列；空值表示不可用，不等于0
character_bundle,NPC/Class_A/210063/Default,NPC/Class_A/210063,main,NPC,210063,Default,Default,True,4,0,4,0,0,0,0,4,32918,32918,0,0,0,0,142,142,0,0,0,0,297,297,43,43,1.433333,1.433333,36,,5,Hero Show 已排除；Role资源池与 Role+Weapon资源池分列；Pet/Summon/Prop/InCar 分列；空值表示不可用，不等于0
character_bundle,NPC/Class_A/210064/Default,NPC/Class_A/210064,main,NPC,210064,Default,Default,True,4,0,4,0,0,0,0,4,37430,37430,0,0,0,0,121,121,0,0,0,0,230,230,0,1,0.0,5.366667,24,,5,Hero Show 已排除；Role资源池与 Role+Weapon资源池分列；Pet/Summon/Prop/InCar 分列；空值表示不可用，不等于0
character_bundle,NPC/Class_A/210065/Default,NPC/Class_A/210065,main,NPC,210065,Default,Default,True,4,0,4,0,0,0,0,4,31904,31904,0,0,0,0,142,142,0,0,0,0,288,288,3,72,34.3,260.166665,35,,5,Hero Show 已排除；Role资源池与 Role+Weapon资源池分列；Pet/Summon/Prop/InCar 分列；空值表示不可用，不等于0
character_bundle,NPC/Class_A/210066/Default,NPC/Class_A/210066,main,NPC,210066,Default,Default,True,4,0,4,0,0,0,0,4,26416,26416,0,0,0,0,140,140,0,0,0,0,257,257,6,6,37.400001,37.400001,37,,5,Hero Show 已排除；Role资源池与 Role+Weapon资源池分列；Pet/Summon/Prop/InCar 分列；空值表示不可用，不等于0
character_bundle,NPC/Class_A/210067/Default,NPC/Class_A/210067,main,NPC,210067,Default,Default,True,3,0,3,0,0,0,0,3,24525,24525,0,0,0,0,137,137,0,0,0,0,249,249,0,17,0.0,80.7,32,,5,Hero Show 已排除；Role资源池与 Role+Weapon资源池分列；Pet/Summon/Prop/InCar 分列；空值表示不可用，不等于0
character_bundle,NPC/Class_A/210068/Default,NPC/Class_A/210068,main,NPC,210068,Default,Default,True,3,0,3,0,0,0,0,3,25521,25521,0,0,0,0,120,120,0,0,0,0,237,237,2,9,0.066667,10.433333,30,,5,Hero Show 已排除；Role资源池与 Role+Weapon资源池分列；Pet/Summon/Prop/InCar 分列；空值表示不可用，不等于0
character_bundle,NPC/Class_A/210069/Default,NPC/Class_A/210069,main,NPC,210069,Default,Default,True,3,0,3,0,0,0,0,3,39518,39518,0,0,0,0,106,106,0,0,0,0,189,189,2,2,0.066667,0.066667,24,,5,Hero Show 已排除；Role资源池与 Role+Weapon资源池分列；Pet/Summon/Prop/InCar 分列；空值表示不可用，不等于0
character_bundle,NPC/Class_A/210070/Default,NPC/Class_A/210070,main,NPC,210070,Default,Default,True,3,0,3,0,0,0,0,3,26082,26082,0,0,0,0,112,112,0,0,0,0,213,213,0,0,0.0,0.0,32,,5,Hero Show 已排除；Role资源池与 Role+Weapon资源池分列；Pet/Summon/Prop/InCar 分列；空值表示不可用，不等于0
character_bundle,NPC/Class_A/210071/Default,NPC/Class_A/210071,main,NPC,210071,Default,Default,True,3,0,3,0,0,0,0,3,25910,25910,0,0,0,0,112,112,0,0,0,0,206,206,0,0,0.0,0.0,30,,5,Hero Show 已排除；Role资源池与 Role+Weapon资源池分列；Pet/Summon/Prop/InCar 分列；空值表示不可用，不等于0
character_bundle,NPC/Class_A/210072/Default,NPC/Class_A/210072,main,NPC,210072,Default,Default,True,4,0,4,0,0,0,0,4,33732,33732,0,0,0,0,179,179,0,0,0,0,354,354,0,11,0.0,30.766667,35,,5,Hero Show 已排除；Role资源池与 Role+Weapon资源池分列；Pet/Summon/Prop/InCar 分列；空值表示不可用，不等于0
character_bundle,NPC/Class_A/210073/Default,NPC/Class_A/210073,main,NPC,210073,Default,Default,True,4,0,4,0,0,0,0,4,29561,29561,0,0,0,0,230,230,0,0,0,0,441,441,3,51,20.066667,140.799999,36,,5,Hero Show 已排除；Role资源池与 Role+Weapon资源池分列；Pet/Summon/Prop/InCar 分列；空值表示不可用，不等于0
character_bundle,NPC/Class_A/210074/Default,NPC/Class_A/210074,main,NPC,210074,Default,Default,True,1,0,1,0,0,0,0,1,50452,50452,0,0,0,0,201,201,0,0,0,0,320,320,0,0,0.0,0.0,14,,5,Hero Show 已排除；Role资源池与 Role+Weapon资源池分列；Pet/Summon/Prop/InCar 分列；空值表示不可用，不等于0
character_bundle,NPC/Class_A/210075/Default,NPC/Class_A/210075,main,NPC,210075,Default,Default,True,3,0,3,0,0,0,0,3,23256,23256,0,0,0,0,155,155,0,0,0,0,276,276,1,74,25.666666,453.566668,32,,5,Hero Show 已排除；Role资源池与 Role+Weapon资源池分列；Pet/Summon/Prop/InCar 分列；空值表示不可用，不等于0
character_bundle,NPC/Class_A/210076/Default,NPC/Class_A/210076,main,NPC,210076,Default,Default,True,4,0,4,0,0,0,0,4,23755,23755,0,0,0,0,115,115,0,0,0,0,229,229,44,45,25.766667,27.933334,36,,5,Hero Show 已排除；Role资源池与 Role+Weapon资源池分列；Pet/Summon/Prop/InCar 分列；空值表示不可用，不等于0
character_bundle,NPC/Class_A/210077/Default,NPC/Class_A/210077,main,NPC,210077,Default,Default,True,4,0,4,0,0,0,0,4,22202,22202,0,0,0,0,119,119,0,0,0,0,266,266,44,48,12.433333,27.933333,36,,5,Hero Show 已排除；Role资源池与 Role+Weapon资源池分列；Pet/Summon/Prop/InCar 分列；空值表示不可用，不等于0
character_bundle,NPC/Class_A/210078/Default,NPC/Class_A/210078,main,NPC,210078,Default,Default,True,4,0,4,0,0,0,0,4,33121,33121,0,0,0,0,158,158,0,0,0,0,313,313,43,43,74.700003,74.700003,35,,5,Hero Show 已排除；Role资源池与 Role+Weapon资源池分列；Pet/Summon/Prop/InCar 分列；空值表示不可用，不等于0
character_bundle,NPC/Class_A/210079/Default,NPC/Class_A/210079,main,NPC,210079,Default,Default,True,1,0,1,0,0,0,0,1,50452,50452,0,0,0,0,201,201,0,0,0,0,320,320,0,0,0.0,0.0,13,,5,Hero Show 已排除；Role资源池与 Role+Weapon资源池分列；Pet/Summon/Prop/InCar 分列；空值表示不可用，不等于0
character_bundle,NPC/Class_A/210080/Default,NPC/Class_A/210080,main,NPC,210080,Default,Default,True,4,0,4,0,0,0,0,4,31777,31777,0,0,0,0,137,137,0,0,0,0,313,313,1,46,22.4,150.466666,36,,5,Hero Show 已排除；Role资源池与 Role+Weapon资源池分列；Pet/Summon/Prop/InCar 分列；空值表示不可用，不等于0
character_bundle,NPC/Class_A/210081/Default,NPC/Class_A/210081,main,NPC,210081,Default,Default,True,3,0,3,0,0,0,0,3,43795,43795,0,0,0,0,106,106,0,0,0,0,203,203,49,49,6.3,6.3,26,,5,Hero Show 已排除；Role资源池与 Role+Weapon资源池分列；Pet/Summon/Prop/InCar 分列；空值表示不可用，不等于0
character_bundle,NPC/Class_A/210082/Default,NPC/Class_A/210082,main,NPC,210082,Default,Default,True,3,0,3,0,0,0,0,3,39109,39109,0,0,0,0,106,106,0,0,0,0,191,191,49,49,6.333334,6.333334,23,,5,Hero Show 已排除；Role资源池与 Role+Weapon资源池分列；Pet/Summon/Prop/InCar 分列；空值表示不可用，不等于0
character_bundle,NPC/Class_A/210083/Default,NPC/Class_A/210083,main,NPC,210083,Default,Default,True,4,0,4,0,0,0,0,4,42401,42401,0,0,0,0,114,114,0,0,0,0,193,193,43,43,1.433333,1.433333,32,,5,Hero Show 已排除；Role资源池与 Role+Weapon资源池分列；Pet/Summon/Prop/InCar 分列；空值表示不可用，不等于0
character_bundle,NPC/Class_A/210084/Default,NPC/Class_A/210084,main,NPC,210084,Default,Default,True,4,0,4,0,0,0,0,4,34511,34511,0,0,0,0,228,228,0,0,0,0,401,401,2,5,0.066667,14.433334,36,,5,Hero Show 已排除；Role资源池与 Role+Weapon资源池分列；Pet/Summon/Prop/InCar 分列；空值表示不可用，不等于0
character_bundle,NPC/Class_A/210085/Default,NPC/Class_A/210085,main,NPC,210085,Default,Default,True,3,0,3,0,0,0,0,3,29920,29920,0,0,0,0,140,140,0,0,0,0,274,274,2,7,0.066667,12.233333,33,,5,Hero Show 已排除；Role资源池与 Role+Weapon资源池分列；Pet/Summon/Prop/InCar 分列；空值表示不可用，不等于0
character_bundle,NPC/Class_A/210086/Default,NPC/Class_A/210086,main,NPC,210086,Default,Default,True,4,0,4,0,0,0,0,4,29965,29965,0,0,0,0,138,138,0,0,0,0,278,278,2,2,0.066667,0.066667,35,,5,Hero Show 已排除；Role资源池与 Role+Weapon资源池分列；Pet/Summon/Prop/InCar 分列；空值表示不可用，不等于0
character_bundle,NPC/Class_A/210087/Default,NPC/Class_A/210087,main,NPC,210087,Default,Default,True,4,0,4,0,0,0,0,4,44257,44257,0,0,0,0,114,114,0,0,0,0,220,220,35,35,1.166667,1.166667,33,,5,Hero Show 已排除；Role资源池与 Role+Weapon资源池分列；Pet/Summon/Prop/InCar 分列；空值表示不可用，不等于0
character_bundle,NPC/Class_A/210088/Default,NPC/Class_A/210088,main,NPC,210088,Default,Default,True,3,0,3,0,0,0,0,3,26364,26364,0,0,0,0,126,126,0,0,0,0,254,254,39,39,3.266667,3.266667,27,,5,Hero Show 已排除；Role资源池与 Role+Weapon资源池分列；Pet/Summon/Prop/InCar 分列；空值表示不可用，不等于0
character_bundle,NPC/Class_A/210089/Default,NPC/Class_A/210089,main,NPC,210089,Default,Default,True,3,0,3,0,0,0,0,3,21000,21000,0,0,0,0,130,130,0,0,0,0,252,252,2,2,0.066667,0.066667,32,,5,Hero Show 已排除；Role资源池与 Role+Weapon资源池分列；Pet/Summon/Prop/InCar 分列；空值表示不可用，不等于0
character_bundle,NPC/Class_A/210090/Default,NPC/Class_A/210090,main,NPC,210090,Default,Default,True,3,0,3,0,0,0,0,3,27692,27692,0,0,0,0,126,126,0,0,0,0,238,238,2,2,0.066667,0.066667,27,,5,Hero Show 已排除；Role资源池与 Role+Weapon资源池分列；Pet/Summon/Prop/InCar 分列；空值表示不可用，不等于0
character_bundle,NPC/Class_A/210091/Default,NPC/Class_A/210091,main,NPC,210091,Default,Default,True,3,0,3,0,0,0,0,3,43173,43173,0,0,0,0,106,106,0,0,0,0,237,237,3,3,0.1,0.1,26,,5,Hero Show 已排除；Role资源池与 Role+Weapon资源池分列；Pet/Summon/Prop/InCar 分列；空值表示不可用，不等于0
character_bundle,NPC/Class_A/210092/Default,NPC/Class_A/210092,main,NPC,210092,Default,Default,True,3,0,3,0,0,0,0,3,25728,25728,0,0,0,0,69,69,0,0,0,0,210,210,0,0,0.0,0.0,26,,5,Hero Show 已排除；Role资源池与 Role+Weapon资源池分列；Pet/Summon/Prop/InCar 分列；空值表示不可用，不等于0
character_bundle,NPC/Class_A/210093/Default,NPC/Class_A/210093,main,NPC,210093,Default,Default,True,3,0,3,0,0,0,0,3,38939,38939,0,0,0,0,61,61,0,0,0,0,210,210,0,0,0.0,0.0,32,,5,Hero Show 已排除；Role资源池与 Role+Weapon资源池分列；Pet/Summon/Prop/InCar 分列；空值表示不可用，不等于0
character_bundle,NPC/Class_A/210094/Default,NPC/Class_A/210094,main,NPC,210094,Default,Default,True,3,0,3,0,0,0,0,3,24999,24999,0,0,0,0,60,60,0,0,0,0,211,211,0,0,0.0,0.0,25,,5,Hero Show 已排除；Role资源池与 Role+Weapon资源池分列；Pet/Summon/Prop/InCar 分列；空值表示不可用，不等于0
character_bundle,NPC/Class_A/210095/Default,NPC/Class_A/210095,main,NPC,210095,Default,Default,True,3,0,3,0,0,0,0,3,20766,20766,0,0,0,0,59,59,0,0,0,0,210,210,0,0,0.0,0.0,25,,5,Hero Show 已排除；Role资源池与 Role+Weapon资源池分列；Pet/Summon/Prop/InCar 分列；空值表示不可用，不等于0
character_bundle,NPC/Class_A/210100/Default,NPC/Class_A/210100,main,NPC,210100,Default,Default,True,1,0,1,0,0,0,0,1,48689,48689,0,0,0,0,169,169,0,0,0,0,259,259,0,0,0.0,0.0,8,,5,Hero Show 已排除；Role资源池与 Role+Weapon资源池分列；Pet/Summon/Prop/InCar 分列；空值表示不可用，不等于0
character_bundle,NPC/Class_A/210102/Default,NPC/Class_A/210102,main,NPC,210102,Default,Default,True,4,0,4,0,0,0,0,4,53056,53056,0,0,0,0,149,149,0,0,0,0,312,312,1,131,15.666667,883.76667,31,,5,Hero Show 已排除；Role资源池与 Role+Weapon资源池分列；Pet/Summon/Prop/InCar 分列；空值表示不可用，不等于0
character_bundle,NPC/Class_A/210105/Default,NPC/Class_A/210105,main,NPC,210105,Default,Default,True,3,0,3,0,0,0,0,3,23208,23208,0,0,0,0,113,113,0,0,0,0,242,242,0,51,0.0,262.866667,29,,5,Hero Show 已排除；Role资源池与 Role+Weapon资源池分列；Pet/Summon/Prop/InCar 分列；空值表示不可用，不等于0
character_bundle,NPC/Class_A/210106/Default,NPC/Class_A/210106,main,NPC,210106,Default,Default,True,4,0,4,0,0,0,0,4,24159,24159,0,0,0,0,151,151,0,0,0,0,307,307,0,90,0.0,464.133337,33,,5,Hero Show 已排除；Role资源池与 Role+Weapon资源池分列；Pet/Summon/Prop/InCar 分列；空值表示不可用，不等于0
character_bundle,NPC/Class_A/210107/Default,NPC/Class_A/210107,main,NPC,210107,Default,Default,True,4,0,4,0,0,0,0,4,24068,24068,0,0,0,0,110,110,0,0,0,0,219,219,0,20,0.0,226.733335,36,,5,Hero Show 已排除；Role资源池与 Role+Weapon资源池分列；Pet/Summon/Prop/InCar 分列；空值表示不可用，不等于0
character_bundle,NPC/Class_A/210110/Default,NPC/Class_A/210110,main,NPC,210110,Default,Default,True,3,0,3,0,0,0,0,3,21577,21577,0,0,0,0,138,138,0,0,0,0,272,272,0,68,0.0,409.733331,29,,5,Hero Show 已排除；Role资源池与 Role+Weapon资源池分列；Pet/Summon/Prop/InCar 分列；空值表示不可用，不等于0
character_bundle,NPC/Class_A/210111/Default,NPC/Class_A/210111,main,NPC,210111,Default,Default,True,3,0,3,0,0,0,0,3,41753,41753,0,0,0,0,107,107,0,0,0,0,193,193,0,0,0.0,0.0,19,,5,Hero Show 已排除；Role资源池与 Role+Weapon资源池分列；Pet/Summon/Prop/InCar 分列；空值表示不可用，不等于0
character_bundle,NPC/Class_A/210112/Default,NPC/Class_A/210112,main,NPC,210112,Default,Default,True,3,0,3,0,0,0,0,3,23858,23858,0,0,0,0,107,107,0,0,0,0,189,189,6,6,0.2,0.2,31,,5,Hero Show 已排除；Role资源池与 Role+Weapon资源池分列；Pet/Summon/Prop/InCar 分列；空值表示不可用，不等于0
character_bundle,NPC/Class_A/210113/Default,NPC/Class_A/210113,main,NPC,210113,Default,Default,True,4,0,4,0,0,0,0,4,24899,24899,0,0,0,0,145,145,0,0,0,0,301,301,1,3,0.033333,31.433334,35,,5,Hero Show 已排除；Role资源池与 Role+Weapon资源池分列；Pet/Summon/Prop/InCar 分列；空值表示不可用，不等于0
character_bundle,NPC/Class_A/210114/Default,NPC/Class_A/210114,main,NPC,210114,Default,Default,True,4,0,4,0,0,0,0,4,33654,33654,0,0,0,0,151,151,0,0,0,0,272,272,3,157,13.733334,1056.599999,35,,5,Hero Show 已排除；Role资源池与 Role+Weapon资源池分列；Pet/Summon/Prop/InCar 分列；空值表示不可用，不等于0
character_bundle,NPC/Class_A/210116/Default,NPC/Class_A/210116,main,NPC,210116,Default,Default,True,4,0,4,0,0,0,0,4,28073,28073,0,0,0,0,114,114,0,0,0,0,217,217,0,8,0.0,16.3,36,,5,Hero Show 已排除；Role资源池与 Role+Weapon资源池分列；Pet/Summon/Prop/InCar 分列；空值表示不可用，不等于0
character_bundle,NPC/Class_A/210117/Default,NPC/Class_A/210117,main,NPC,210117,Default,Default,True,4,0,4,0,0,0,0,4,26906,26906,0,0,0,0,140,140,0,0,0,0,281,281,4,22,0.133333,50.466667,35,,5,Hero Show 已排除；Role资源池与 Role+Weapon资源池分列；Pet/Summon/Prop/InCar 分列；空值表示不可用，不等于0
character_bundle,NPC/Class_A/210118/Default,NPC/Class_A/210118,main,NPC,210118,Default,Default,True,3,0,3,0,0,0,0,3,24938,24938,0,0,0,0,118,118,0,0,0,0,302,302,2,126,54.999998,733.566665,32,,5,Hero Show 已排除；Role资源池与 Role+Weapon资源池分列；Pet/Summon/Prop/InCar 分列；空值表示不可用，不等于0
character_bundle,NPC/Class_A/210119/Default,NPC/Class_A/210119,main,NPC,210119,Default,Default,True,4,0,4,0,0,0,0,4,28324,28324,0,0,0,0,188,188,0,0,0,0,343,343,0,0,0.0,0.0,35,,5,Hero Show 已排除；Role资源池与 Role+Weapon资源池分列；Pet/Summon/Prop/InCar 分列；空值表示不可用，不等于0
character_bundle,NPC/Class_A/210120/Default,NPC/Class_A/210120,main,NPC,210120,Default,Default,True,4,0,4,0,0,0,0,4,28567,28567,0,0,0,0,190,190,0,0,0,0,337,337,0,0,0.0,0.0,36,,5,Hero Show 已排除；Role资源池与 Role+Weapon资源池分列；Pet/Summon/Prop/InCar 分列；空值表示不可用，不等于0
character_bundle,NPC/Class_A/210121/Default,NPC/Class_A/210121,main,NPC,210121,Default,Default,True,3,0,3,0,0,0,0,3,22097,22097,0,0,0,0,142,142,0,0,0,0,246,246,1,1,24.6,24.6,24,,5,Hero Show 已排除；Role资源池与 Role+Weapon资源池分列；Pet/Summon/Prop/InCar 分列；空值表示不可用，不等于0
character_bundle,NPC/Class_A/210122/Default,NPC/Class_A/210122,main,NPC,210122,Default,Default,True,3,0,3,0,0,0,0,3,23749,23749,0,0,0,0,104,104,0,0,0,0,205,205,0,0,0.0,0.0,31,,5,Hero Show 已排除；Role资源池与 Role+Weapon资源池分列；Pet/Summon/Prop/InCar 分列；空值表示不可用，不等于0
character_bundle,NPC/Class_A/210123/Default,NPC/Class_A/210123,main,NPC,210123,Default,Default,True,3,0,3,0,0,0,0,3,23916,23916,0,0,0,0,103,103,0,0,0,0,182,182,0,0,0.0,0.0,31,,5,Hero Show 已排除；Role资源池与 Role+Weapon资源池分列；Pet/Summon/Prop/InCar 分列；空值表示不可用，不等于0
character_bundle,NPC/Class_A/210124/Default,NPC/Class_A/210124,main,NPC,210124,Default,Default,True,3,0,3,0,0,0,0,3,21575,21575,0,0,0,0,109,109,0,0,0,0,183,183,1,1,13.866667,13.866667,24,,5,Hero Show 已排除；Role资源池与 Role+Weapon资源池分列；Pet/Summon/Prop/InCar 分列；空值表示不可用，不等于0
character_bundle,NPC/Class_A/210125/Default,NPC/Class_A/210125,main,NPC,210125,Default,Default,True,4,0,4,0,0,0,0,4,27005,27005,0,0,0,0,130,130,0,0,0,0,251,251,2,2,38.933332,38.933332,35,,5,Hero Show 已排除；Role资源池与 Role+Weapon资源池分列；Pet/Summon/Prop/InCar 分列；空值表示不可用，不等于0
character_bundle,NPC/Class_A/210126/Default,NPC/Class_A/210126,main,NPC,210126,Default,Default,True,4,0,4,0,0,0,0,4,41100,41100,0,0,0,0,114,114,0,0,0,0,200,200,0,0,0.0,0.0,33,,5,Hero Show 已排除；Role资源池与 Role+Weapon资源池分列；Pet/Summon/Prop/InCar 分列；空值表示不可用，不等于0
character_bundle,NPC/Class_A/210127/Default,NPC/Class_A/210127,main,NPC,210127,Default,Default,True,4,0,4,0,0,0,0,4,41552,41552,0,0,0,0,114,114,0,0,0,0,217,217,0,0,0.0,0.0,33,,5,Hero Show 已排除；Role资源池与 Role+Weapon资源池分列；Pet/Summon/Prop/InCar 分列；空值表示不可用，不等于0
character_bundle,NPC/Class_A/210128/Default,NPC/Class_A/210128,main,NPC,210128,Default,Default,True,3,0,3,0,0,0,0,3,25166,25166,0,0,0,0,132,132,0,0,0,0,241,241,0,0,0.0,0.0,31,,5,Hero Show 已排除；Role资源池与 Role+Weapon资源池分列；Pet/Summon/Prop/InCar 分列；空值表示不可用，不等于0
character_bundle,NPC/Class_A/210129/Default,NPC/Class_A/210129,main,NPC,210129,Default,Default,True,3,0,3,0,0,0,0,3,23209,23209,0,0,0,0,114,114,0,0,0,0,242,242,0,0,0.0,0.0,29,,5,Hero Show 已排除；Role资源池与 Role+Weapon资源池分列；Pet/Summon/Prop/InCar 分列；空值表示不可用，不等于0
character_bundle,NPC/Class_A/210130/Default,NPC/Class_A/210130,main,NPC,210130,Default,Default,True,3,0,3,0,0,0,0,3,27024,27024,0,0,0,0,151,151,0,0,0,0,288,288,2,2,20.866667,20.866667,29,,5,Hero Show 已排除；Role资源池与 Role+Weapon资源池分列；Pet/Summon/Prop/InCar 分列；空值表示不可用，不等于0
character_bundle,NPC/Class_A/210131/Default,NPC/Class_A/210131,main,NPC,210131,Default,Default,True,4,0,4,0,0,0,0,4,21214,21214,0,0,0,0,120,120,0,0,0,0,228,228,0,0,0.0,0.0,33,,5,Hero Show 已排除；Role资源池与 Role+Weapon资源池分列；Pet/Summon/Prop/InCar 分列；空值表示不可用，不等于0
character_bundle,NPC/Class_A/210132/Default,NPC/Class_A/210132,main,NPC,210132,Default,Default,True,4,0,4,0,0,0,0,4,40358,40358,0,0,0,0,114,114,0,0,0,0,210,210,0,0,0.0,0.0,33,,5,Hero Show 已排除；Role资源池与 Role+Weapon资源池分列；Pet/Summon/Prop/InCar 分列；空值表示不可用，不等于0
character_bundle,NPC/Class_A/210133/Default,NPC/Class_A/210133,main,NPC,210133,Default,Default,True,3,0,3,0,0,0,0,3,29021,29021,0,0,0,0,106,106,0,0,0,0,195,195,0,0,0.0,0.0,19,,5,Hero Show 已排除；Role资源池与 Role+Weapon资源池分列；Pet/Summon/Prop/InCar 分列；空值表示不可用，不等于0
character_bundle,NPC/Class_A/210134/Default,NPC/Class_A/210134,main,NPC,210134,Default,Default,True,2,0,2,0,0,0,0,2,48056,48056,0,0,0,0,133,133,0,0,0,0,225,225,0,0,0.0,0.0,13,,5,Hero Show 已排除；Role资源池与 Role+Weapon资源池分列；Pet/Summon/Prop/InCar 分列；空值表示不可用，不等于0
character_bundle,NPC/Class_A/210135/Default,NPC/Class_A/210135,main,NPC,210135,Default,Default,True,1,0,1,0,0,0,0,1,34947,34947,0,0,0,0,83,83,0,0,0,0,130,130,2,155,10.333333,750.783337,9,,5,Hero Show 已排除；Role资源池与 Role+Weapon资源池分列；Pet/Summon/Prop/InCar 分列；空值表示不可用，不等于0
character_bundle,NPC/Class_A/210136/Default,NPC/Class_A/210136,main,NPC,210136,Default,Default,True,2,0,2,0,0,0,0,2,55732,55732,0,0,0,0,72,72,0,0,0,0,185,185,0,3,0.0,29.433333,16,,5,Hero Show 已排除；Role资源池与 Role+Weapon资源池分列；Pet/Summon/Prop/InCar 分列；空值表示不可用，不等于0
character_bundle,NPC/Class_A/210137/Default,NPC/Class_A/210137,main,NPC,210137,Default,Default,True,4,0,4,0,0,0,0,4,26398,26398,0,0,0,0,132,132,0,0,0,0,233,233,0,47,0.0,122.366666,35,,5,Hero Show 已排除；Role资源池与 Role+Weapon资源池分列；Pet/Summon/Prop/InCar 分列；空值表示不可用，不等于0
character_bundle,NPC/Class_A/210140/Default,NPC/Class_A/210140,main,NPC,210140,Default,Default,True,3,0,3,0,0,0,0,3,27023,27023,0,0,0,0,123,123,0,0,0,0,230,230,3,64,56.666667,519.666667,31,,5,Hero Show 已排除；Role资源池与 Role+Weapon资源池分列；Pet/Summon/Prop/InCar 分列；空值表示不可用，不等于0
character_bundle,NPC/Class_A/210141/Default,NPC/Class_A/210141,main,NPC,210141,Default,Default,True,3,0,3,0,0,0,0,3,24266,24266,0,0,0,0,103,103,0,0,0,0,191,191,1,3,0.033333,5.6,33,,5,Hero Show 已排除；Role资源池与 Role+Weapon资源池分列；Pet/Summon/Prop/InCar 分列；空值表示不可用，不等于0
character_bundle,NPC/Class_A/210142/Default,NPC/Class_A/210142,main,NPC,210142,Default,Default,True,3,0,3,0,0,0,0,3,41753,41753,0,0,0,0,109,109,0,0,0,0,194,194,0,0,0.0,0.0,19,,5,Hero Show 已排除；Role资源池与 Role+Weapon资源池分列；Pet/Summon/Prop/InCar 分列；空值表示不可用，不等于0
character_bundle,NPC/Class_A/210144/Default,NPC/Class_A/210144,main,NPC,210144,Default,Default,True,3,0,3,0,0,0,0,3,31770,31770,0,0,0,0,152,152,0,0,0,0,265,265,0,18,0.0,82.099999,31,,5,Hero Show 已排除；Role资源池与 Role+Weapon资源池分列；Pet/Summon/Prop/InCar 分列；空值表示不可用，不等于0
character_bundle,NPC/Class_A/210145/Default,NPC/Class_A/210145,main,NPC,210145,Default,Default,True,4,0,4,0,0,0,0,4,29096,29096,0,0,0,0,179,179,0,0,0,0,318,318,1,67,28.333334,249.9,35,,5,Hero Show 已排除；Role资源池与 Role+Weapon资源池分列；Pet/Summon/Prop/InCar 分列；空值表示不可用，不等于0
character_bundle,NPC/Class_A/210146/Default,NPC/Class_A/210146,main,NPC,210146,Default,Default,True,3,0,3,0,0,0,0,3,27838,27838,0,0,0,0,122,122,0,0,0,0,251,251,0,5,0.0,6.933334,31,,5,Hero Show 已排除；Role资源池与 Role+Weapon资源池分列；Pet/Summon/Prop/InCar 分列；空值表示不可用，不等于0
character_bundle,NPC/Class_A/210147/Default,NPC/Class_A/210147,main,NPC,210147,Default,Default,True,4,0,4,0,0,0,0,4,26087,26087,0,0,0,0,150,150,0,0,0,0,280,280,0,2,0.0,5.566667,35,,5,Hero Show 已排除；Role资源池与 Role+Weapon资源池分列；Pet/Summon/Prop/InCar 分列；空值表示不可用，不等于0
character_bundle,NPC/Class_A/210148/Default,NPC/Class_A/210148,main,NPC,210148,Default,Default,True,4,0,4,0,0,0,0,4,25495,25495,0,0,0,0,132,132,0,0,0,0,222,222,0,2,0.0,5.566667,35,,5,Hero Show 已排除；Role资源池与 Role+Weapon资源池分列；Pet/Summon/Prop/InCar 分列；空值表示不可用，不等于0
character_bundle,NPC/Class_A/210149/Default,NPC/Class_A/210149,main,NPC,210149,Default,Default,True,4,0,4,0,0,0,0,4,26035,26035,0,0,0,0,139,139,0,0,0,0,236,236,1,16,20.0,100.166667,35,,5,Hero Show 已排除；Role资源池与 Role+Weapon资源池分列；Pet/Summon/Prop/InCar 分列；空值表示不可用，不等于0
character_bundle,NPC/Class_A/210150/Default,NPC/Class_A/210150,main,NPC,210150,Default,Default,True,4,0,4,0,0,0,0,4,27679,27679,0,0,0,0,122,122,0,0,0,0,241,241,0,2,0.0,5.566667,38,,5,Hero Show 已排除；Role资源池与 Role+Weapon资源池分列；Pet/Summon/Prop/InCar 分列；空值表示不可用，不等于0
character_bundle,NPC/Class_A/210151/Default,NPC/Class_A/210151,main,NPC,210151,Default,Default,True,3,0,3,0,0,0,0,3,44160,44160,0,0,0,0,125,125,0,0,0,0,254,254,0,0,0.0,0.0,27,,5,Hero Show 已排除；Role资源池与 Role+Weapon资源池分列；Pet/Summon/Prop/InCar 分列；空值表示不可用，不等于0
character_bundle,NPC/Class_A/210152/Default,NPC/Class_A/210152,main,NPC,210152,Default,Default,True,3,0,3,0,0,0,0,3,54869,54869,0,0,0,0,122,122,0,0,0,0,212,212,2,26,6.0,107.6,31,,5,Hero Show 已排除；Role资源池与 Role+Weapon资源池分列；Pet/Summon/Prop/InCar 分列；空值表示不可用，不等于0
character_bundle,NPC/Class_A/210153/Default,NPC/Class_A/210153,main,NPC,210153,Default,Default,True,3,0,3,0,0,0,0,3,69495,69495,0,0,0,0,193,193,0,0,0,0,342,342,115,173,351.533333,644.766668,26,,5,Hero Show 已排除；Role资源池与 Role+Weapon资源池分列；Pet/Summon/Prop/InCar 分列；空值表示不可用，不等于0
character_bundle,NPC/Class_A/210154/Default,NPC/Class_A/210154,main,NPC,210154,Default,Default,True,4,0,4,0,0,0,0,4,33020,33020,0,0,0,0,141,141,0,0,0,0,276,276,0,2,0.0,5.566667,35,,5,Hero Show 已排除；Role资源池与 Role+Weapon资源池分列；Pet/Summon/Prop/InCar 分列；空值表示不可用，不等于0
character_bundle,NPC/Class_A/210155/Default,NPC/Class_A/210155,main,NPC,210155,Default,Default,True,4,0,4,0,0,0,0,4,30430,30430,0,0,0,0,194,194,0,0,0,0,350,350,1,4,20.0,32.833333,35,,5,Hero Show 已排除；Role资源池与 Role+Weapon资源池分列；Pet/Summon/Prop/InCar 分列；空值表示不可用，不等于0
character_bundle,NPC/Class_A/210156/Default,NPC/Class_A/210156,main,NPC,210156,Default,Default,True,3,0,3,0,0,0,0,3,24396,24396,0,0,0,0,112,112,0,0,0,0,216,216,0,0,0.0,0.0,31,,5,Hero Show 已排除；Role资源池与 Role+Weapon资源池分列；Pet/Summon/Prop/InCar 分列；空值表示不可用，不等于0
character_bundle,NPC/Class_A/210157/Default,NPC/Class_A/210157,main,NPC,210157,Default,Default,True,3,0,3,0,0,0,0,3,23514,23514,0,0,0,0,101,101,0,0,0,0,207,207,0,20,0.0,103.333334,31,,5,Hero Show 已排除；Role资源池与 Role+Weapon资源池分列；Pet/Summon/Prop/InCar 分列；空值表示不可用，不等于0
character_bundle,NPC/Class_A/210158/Default,NPC/Class_A/210158,main,NPC,210158,Default,Default,True,3,0,3,0,0,0,0,3,69677,69677,0,0,0,0,193,193,0,0,0,0,370,370,0,5,0.0,40.233334,27,,5,Hero Show 已排除；Role资源池与 Role+Weapon资源池分列；Pet/Summon/Prop/InCar 分列；空值表示不可用，不等于0
character_bundle,NPC/Class_A/210159/Default,NPC/Class_A/210159,main,NPC,210159,Default,Default,True,3,0,3,0,0,0,0,3,76463,76463,0,0,0,0,198,198,0,0,0,0,365,365,0,0,0.0,0.0,27,,5,Hero Show 已排除；Role资源池与 Role+Weapon资源池分列；Pet/Summon/Prop/InCar 分列；空值表示不可用，不等于0
character_bundle,NPC/Class_A/210161/Default,NPC/Class_A/210161,main,NPC,210161,Default,Default,True,3,0,3,0,0,0,0,3,75878,75878,0,0,0,0,247,247,0,0,0,0,412,412,4,25,39.066668,161.200001,32,,5,Hero Show 已排除；Role资源池与 Role+Weapon资源池分列；Pet/Summon/Prop/InCar 分列；空值表示不可用，不等于0
character_bundle,NPC/Class_A/210162/Default,NPC/Class_A/210162,main,NPC,210162,Default,Default,True,3,0,3,0,0,0,0,3,76911,76911,0,0,0,0,246,246,0,0,0,0,412,412,0,0,0.0,0.0,32,,5,Hero Show 已排除；Role资源池与 Role+Weapon资源池分列；Pet/Summon/Prop/InCar 分列；空值表示不可用，不等于0
character_bundle,NPC/Class_A/210163/Default,NPC/Class_A/210163,main,NPC,210163,Default,Default,True,3,0,3,0,0,0,0,3,29777,29777,0,0,0,0,154,154,0,0,0,0,276,276,1,13,0.333333,77.499999,33,,5,Hero Show 已排除；Role资源池与 Role+Weapon资源池分列；Pet/Summon/Prop/InCar 分列；空值表示不可用，不等于0
character_bundle,NPC/Class_A/210164/Default,NPC/Class_A/210164,main,NPC,210164,Default,Default,True,3,0,3,0,0,0,0,3,28672,28672,0,0,0,0,140,140,0,0,0,0,239,239,0,60,0.0,454.533333,30,,5,Hero Show 已排除；Role资源池与 Role+Weapon资源池分列；Pet/Summon/Prop/InCar 分列；空值表示不可用，不等于0
character_bundle,NPC/Class_A/210165/Default,NPC/Class_A/210165,main,NPC,210165,Default,Default,True,3,0,3,0,0,0,0,3,24540,24540,0,0,0,0,120,120,0,0,0,0,236,236,0,52,0.0,273.666666,31,,5,Hero Show 已排除；Role资源池与 Role+Weapon资源池分列；Pet/Summon/Prop/InCar 分列；空值表示不可用，不等于0
character_bundle,NPC/Class_A/210166/Default,NPC/Class_A/210166,main,NPC,210166,Default,Default,True,3,0,3,0,0,0,0,3,30113,30113,0,0,0,0,121,121,0,0,0,0,217,217,0,0,0.0,0.0,26,,5,Hero Show 已排除；Role资源池与 Role+Weapon资源池分列；Pet/Summon/Prop/InCar 分列；空值表示不可用，不等于0
character_bundle,NPC/Class_A/210167/Default,NPC/Class_A/210167,main,NPC,210167,Default,Default,True,3,0,3,0,0,0,0,3,32569,32569,0,0,0,0,121,121,0,0,0,0,249,249,0,0,0.0,0.0,27,,5,Hero Show 已排除；Role资源池与 Role+Weapon资源池分列；Pet/Summon/Prop/InCar 分列；空值表示不可用，不等于0
character_bundle,NPC/Class_A/210168/Default,NPC/Class_A/210168,main,NPC,210168,Default,Default,True,3,0,3,0,0,0,0,3,27823,27823,0,0,0,0,125,125,0,0,0,0,212,212,1,1,50.0,50.0,27,,5,Hero Show 已排除；Role资源池与 Role+Weapon资源池分列；Pet/Summon/Prop/InCar 分列；空值表示不可用，不等于0
character_bundle,NPC/Class_A/210169/Default,NPC/Class_A/210169,main,NPC,210169,Default,Default,True,4,0,4,0,0,0,0,4,26775,26775,0,0,0,0,157,157,0,0,0,0,268,268,1,9,17.866667,66.066667,34,,5,Hero Show 已排除；Role资源池与 Role+Weapon资源池分列；Pet/Summon/Prop/InCar 分列；空值表示不可用，不等于0
character_bundle,NPC/Class_A/210170/Default,NPC/Class_A/210170,main,NPC,210170,Default,Default,True,4,0,4,0,0,0,0,4,33670,33670,0,0,0,0,153,153,0,0,0,0,266,266,1,1,19.933332,19.933332,32,,5,Hero Show 已排除；Role资源池与 Role+Weapon资源池分列；Pet/Summon/Prop/InCar 分列；空值表示不可用，不等于0
character_bundle,NPC/Class_A/210171/Default,NPC/Class_A/210171,main,NPC,210171,Default,Default,True,4,0,4,0,0,0,0,4,28399,28399,0,0,0,0,152,152,0,0,0,0,265,265,1,1,31.333334,31.333334,33,,5,Hero Show 已排除；Role资源池与 Role+Weapon资源池分列；Pet/Summon/Prop/InCar 分列；空值表示不可用，不等于0
character_bundle,NPC/Class_A/210172/Default,NPC/Class_A/210172,main,NPC,210172,Default,Default,True,3,0,3,0,0,0,0,3,26448,26448,0,0,0,0,125,125,0,0,0,0,227,227,1,1,17.866667,17.866667,27,,5,Hero Show 已排除；Role资源池与 Role+Weapon资源池分列；Pet/Summon/Prop/InCar 分列；空值表示不可用，不等于0
character_bundle,NPC/Class_A/210173/Default,NPC/Class_A/210173,main,NPC,210173,Default,Default,True,3,0,3,0,0,0,0,3,27706,27706,0,0,0,0,126,126,0,0,0,0,224,224,1,3,31.333334,33.466667,28,,5,Hero Show 已排除；Role资源池与 Role+Weapon资源池分列；Pet/Summon/Prop/InCar 分列；空值表示不可用，不等于0
character_bundle,NPC/Class_A/210174/Default,NPC/Class_A/210174,main,NPC,210174,Default,Default,True,3,0,3,0,0,0,0,3,32815,32815,0,0,0,0,127,127,0,0,0,0,233,233,0,0,0.0,0.0,26,,5,Hero Show 已排除；Role资源池与 Role+Weapon资源池分列；Pet/Summon/Prop/InCar 分列；空值表示不可用，不等于0
character_bundle,NPC/Class_A/210175/Default,NPC/Class_A/210175,main,NPC,210175,Default,Default,True,3,0,3,0,0,0,0,3,26592,26592,0,0,0,0,124,124,0,0,0,0,204,204,1,1,23.533333,23.533333,19,,5,Hero Show 已排除；Role资源池与 Role+Weapon资源池分列；Pet/Summon/Prop/InCar 分列；空值表示不可用，不等于0
character_bundle,NPC/Class_A/210176/Default,NPC/Class_A/210176,main,NPC,210176,Default,Default,True,3,0,3,0,0,0,0,3,39214,39214,0,0,0,0,107,107,0,0,0,0,209,209,0,5,0.0,14.933334,13,,5,Hero Show 已排除；Role资源池与 Role+Weapon资源池分列；Pet/Summon/Prop/InCar 分列；空值表示不可用，不等于0
character_bundle,NPC/Class_A/210177/Default,NPC/Class_A/210177,main,NPC,210177,Default,Default,True,3,0,3,0,0,0,0,3,26043,26043,0,0,0,0,129,129,0,0,0,0,220,220,0,3,0.0,11.633333,27,,5,Hero Show 已排除；Role资源池与 Role+Weapon资源池分列；Pet/Summon/Prop/InCar 分列；空值表示不可用，不等于0
character_bundle,NPC/Class_A/210178/Default,NPC/Class_A/210178,main,NPC,210178,Default,Default,True,3,0,3,0,0,0,0,3,24254,24254,0,0,0,0,156,156,0,0,0,0,277,277,1,1,21.866667,21.866667,27,,5,Hero Show 已排除；Role资源池与 Role+Weapon资源池分列；Pet/Summon/Prop/InCar 分列；空值表示不可用，不等于0
character_bundle,NPC/Class_A/210179/Default,NPC/Class_A/210179,main,NPC,210179,Default,Default,True,3,0,3,0,0,0,0,3,27151,27151,0,0,0,0,156,156,0,0,0,0,275,275,0,0,0.0,0.0,27,,5,Hero Show 已排除；Role资源池与 Role+Weapon资源池分列；Pet/Summon/Prop/InCar 分列；空值表示不可用，不等于0
character_bundle,NPC/Class_A/210180/Default,NPC/Class_A/210180,main,NPC,210180,Default,Default,True,3,0,3,0,0,0,0,3,26615,26615,0,0,0,0,140,140,0,0,0,0,243,243,0,14,0.0,41.266667,27,,5,Hero Show 已排除；Role资源池与 Role+Weapon资源池分列；Pet/Summon/Prop/InCar 分列；空值表示不可用，不等于0
character_bundle,NPC/Class_A/210181/Default,NPC/Class_A/210181,main,NPC,210181,Default,Default,True,4,0,4,0,0,0,0,4,32139,32139,0,0,0,0,165,165,0,0,0,0,323,323,1,45,16.0,128.099999,35,,5,Hero Show 已排除；Role资源池与 Role+Weapon资源池分列；Pet/Summon/Prop/InCar 分列；空值表示不可用，不等于0
character_bundle,NPC/Class_A/210182/Default,NPC/Class_A/210182,main,NPC,210182,Default,Default,True,4,0,4,0,0,0,0,4,31561,31561,0,0,0,0,204,204,0,0,0,0,382,382,1,1,16.533333,16.533333,35,,5,Hero Show 已排除；Role资源池与 Role+Weapon资源池分列；Pet/Summon/Prop/InCar 分列；空值表示不可用，不等于0
character_bundle,NPC/Class_A/210183/Default,NPC/Class_A/210183,main,NPC,210183,Default,Default,True,3,0,3,0,0,0,0,3,36799,36799,0,0,0,0,114,114,0,0,0,0,215,215,0,0,0.0,0.0,30,,5,Hero Show 已排除；Role资源池与 Role+Weapon资源池分列；Pet/Summon/Prop/InCar 分列；空值表示不可用，不等于0
character_bundle,NPC/Class_A/210185/Default,NPC/Class_A/210185,main,NPC,210185,Default,Default,True,4,0,4,0,0,0,0,4,27001,27001,0,0,0,0,123,123,0,0,0,0,214,214,0,0,0.0,0.0,35,,5,Hero Show 已排除；Role资源池与 Role+Weapon资源池分列；Pet/Summon/Prop/InCar 分列；空值表示不可用，不等于0
character_bundle,NPC/Class_A/210186/Default,NPC/Class_A/210186,main,NPC,210186,Default,Default,True,4,0,4,0,0,0,0,4,29833,29833,0,0,0,0,123,123,0,0,0,0,217,217,0,1,0.0,19.533333,35,,5,Hero Show 已排除；Role资源池与 Role+Weapon资源池分列；Pet/Summon/Prop/InCar 分列；空值表示不可用，不等于0
character_bundle,NPC/Class_A/210187/Default,NPC/Class_A/210187,main,NPC,210187,Default,Default,True,3,0,3,0,0,0,0,3,26934,26934,0,0,0,0,123,123,0,0,0,0,248,248,0,1,0.0,30.1,31,,5,Hero Show 已排除；Role资源池与 Role+Weapon资源池分列；Pet/Summon/Prop/InCar 分列；空值表示不可用，不等于0
character_bundle,NPC/Class_A/210188/Default,NPC/Class_A/210188,main,NPC,210188,Default,Default,True,3,0,3,0,0,0,0,3,26946,26946,0,0,0,0,128,128,0,0,0,0,231,231,0,0,0.0,0.0,31,,5,Hero Show 已排除；Role资源池与 Role+Weapon资源池分列；Pet/Summon/Prop/InCar 分列；空值表示不可用，不等于0
character_bundle,NPC/Class_A/210189/Default,NPC/Class_A/210189,main,NPC,210189,Default,Default,True,3,0,3,0,0,0,0,3,29537,29537,0,0,0,0,123,123,0,0,0,0,227,227,0,0,0.0,0.0,31,,5,Hero Show 已排除；Role资源池与 Role+Weapon资源池分列；Pet/Summon/Prop/InCar 分列；空值表示不可用，不等于0
character_bundle,NPC/Class_A/210191/Default,NPC/Class_A/210191,main,NPC,210191,Default,Default,True,3,0,3,0,0,0,0,3,27481,27481,0,0,0,0,128,128,0,0,0,0,239,239,0,0,0.0,0.0,31,,5,Hero Show 已排除；Role资源池与 Role+Weapon资源池分列；Pet/Summon/Prop/InCar 分列；空值表示不可用，不等于0
character_bundle,NPC/Class_A/210192/Default,NPC/Class_A/210192,main,NPC,210192,Default,Default,True,3,0,3,0,0,0,0,3,26232,26232,0,0,0,0,128,128,0,0,0,0,219,219,0,44,0.0,345.63333,31,,5,Hero Show 已排除；Role资源池与 Role+Weapon资源池分列；Pet/Summon/Prop/InCar 分列；空值表示不可用，不等于0
character_bundle,NPC/Class_A/210193/Default,NPC/Class_A/210193,main,NPC,210193,Default,Default,True,3,0,3,0,0,1,0,4,21778,21778,0,0,2164,0,126,126,0,0,26,0,251,251,0,11,0.0,55.9,34,,5,Hero Show 已排除；Role资源池与 Role+Weapon资源池分列；Pet/Summon/Prop/InCar 分列；空值表示不可用，不等于0
character_bundle,NPC/Class_A/210197/Default,NPC/Class_A/210197,main,NPC,210197,Default,Default,True,3,0,3,0,0,0,0,3,27568,27568,0,0,0,0,198,198,0,0,0,0,334,334,0,1,0.0,22.0,32,,5,Hero Show 已排除；Role资源池与 Role+Weapon资源池分列；Pet/Summon/Prop/InCar 分列；空值表示不可用，不等于0
character_bundle,NPC/Class_A/210198/Default,NPC/Class_A/210198,main,NPC,210198,Default,Default,True,4,0,4,0,0,0,0,4,28063,28063,0,0,0,0,180,180,0,0,0,0,308,308,0,0,0.0,0.0,36,,5,Hero Show 已排除；Role资源池与 Role+Weapon资源池分列；Pet/Summon/Prop/InCar 分列；空值表示不可用，不等于0
character_bundle,NPC/Class_A/210199/Default,NPC/Class_A/210199,main,NPC,210199,Default,Default,True,4,0,4,0,0,0,0,4,28280,28280,0,0,0,0,204,204,0,0,0,0,358,358,3,38,70.666666,285.200001,36,,5,Hero Show 已排除；Role资源池与 Role+Weapon资源池分列；Pet/Summon/Prop/InCar 分列；空值表示不可用，不等于0
character_bundle,NPC/Class_A/210200/Default,NPC/Class_A/210200,main,NPC,210200,Default,Default,True,3,0,3,0,0,0,0,3,31082,31082,0,0,0,0,161,161,0,0,0,0,291,291,1,38,0.266667,164.466667,31,,5,Hero Show 已排除；Role资源池与 Role+Weapon资源池分列；Pet/Summon/Prop/InCar 分列；空值表示不可用，不等于0
character_bundle,NPC/Class_A/210201/Default,NPC/Class_A/210201,main,NPC,210201,Default,Default,True,4,0,4,0,0,0,0,4,29403,29403,0,0,0,0,177,177,0,0,0,0,310,310,0,0,0.0,0.0,30,,5,Hero Show 已排除；Role资源池与 Role+Weapon资源池分列；Pet/Summon/Prop/InCar 分列；空值表示不可用，不等于0
character_bundle,NPC/Class_A/210202/Default,NPC/Class_A/210202,main,NPC,210202,Default,Default,True,4,0,4,0,0,0,0,4,29222,29222,0,0,0,0,198,198,0,0,0,0,331,331,0,0,0.0,0.0,37,,5,Hero Show 已排除；Role资源池与 Role+Weapon资源池分列；Pet/Summon/Prop/InCar 分列；空值表示不可用，不等于0
character_bundle,NPC/Class_A/210203/Default,NPC/Class_A/210203,main,NPC,210203,Default,Default,True,3,0,3,0,0,0,0,3,28026,28026,0,0,0,0,164,164,0,0,0,0,295,295,0,0,0.0,0.0,31,,5,Hero Show 已排除；Role资源池与 Role+Weapon资源池分列；Pet/Summon/Prop/InCar 分列；空值表示不可用，不等于0
character_bundle,NPC/Class_A/210204/Default,NPC/Class_A/210204,main,NPC,210204,Default,Default,True,3,0,3,0,0,0,0,3,28059,28059,0,0,0,0,174,174,0,0,0,0,301,301,0,0,0.0,0.0,31,,5,Hero Show 已排除；Role资源池与 Role+Weapon资源池分列；Pet/Summon/Prop/InCar 分列；空值表示不可用，不等于0
character_bundle,NPC/Class_A/210205/Default,NPC/Class_A/210205,main,NPC,210205,Default,Default,True,4,0,4,0,0,0,0,4,29905,29905,0,0,0,0,198,198,0,0,0,0,356,356,0,0,0.0,0.0,37,,5,Hero Show 已排除；Role资源池与 Role+Weapon资源池分列；Pet/Summon/Prop/InCar 分列；空值表示不可用，不等于0
character_bundle,NPC/Class_A/210206/Default,NPC/Class_A/210206,main,NPC,210206,Default,Default,True,2,0,2,0,0,0,0,2,11376,11376,0,0,0,0,101,101,0,0,0,0,172,172,0,0,0.0,0.0,16,,5,Hero Show 已排除；Role资源池与 Role+Weapon资源池分列；Pet/Summon/Prop/InCar 分列；空值表示不可用，不等于0
character_bundle,NPC/Class_A/210207/Default,NPC/Class_A/210207,main,NPC,210207,Default,Default,True,4,0,4,0,0,0,0,4,27890,27890,0,0,0,0,141,141,0,0,0,0,241,241,2,18,27.9,102.333334,36,,5,Hero Show 已排除；Role资源池与 Role+Weapon资源池分列；Pet/Summon/Prop/InCar 分列；空值表示不可用，不等于0
character_bundle,NPC/Class_A/210208/Default,NPC/Class_A/210208,main,NPC,210208,Default,Default,True,4,0,4,0,0,0,0,4,28213,28213,0,0,0,0,228,228,0,0,0,0,411,411,1,6,20.0,27.366667,35,,5,Hero Show 已排除；Role资源池与 Role+Weapon资源池分列；Pet/Summon/Prop/InCar 分列；空值表示不可用，不等于0
character_bundle,NPC/Class_A/210209/Default,NPC/Class_A/210209,main,NPC,210209,Default,Default,True,3,0,3,0,0,0,0,3,28440,28440,0,0,0,0,154,154,0,0,0,0,270,270,0,0,0.0,0.0,32,,5,Hero Show 已排除；Role资源池与 Role+Weapon资源池分列；Pet/Summon/Prop/InCar 分列；空值表示不可用，不等于0
character_bundle,NPC/Class_A/210210/Default,NPC/Class_A/210210,main,NPC,210210,Default,Default,True,4,0,4,0,0,0,0,4,36200,36200,0,0,0,0,138,138,0,0,0,0,271,271,2,2,20.033333,20.033333,35,,5,Hero Show 已排除；Role资源池与 Role+Weapon资源池分列；Pet/Summon/Prop/InCar 分列；空值表示不可用，不等于0
character_bundle,NPC/Class_A/210211/Default,NPC/Class_A/210211,main,NPC,210211,Default,Default,True,3,0,3,0,0,0,0,3,27962,27962,0,0,0,0,101,101,0,0,0,0,221,221,0,12,0.0,75.933334,31,,5,Hero Show 已排除；Role资源池与 Role+Weapon资源池分列；Pet/Summon/Prop/InCar 分列；空值表示不可用，不等于0
character_bundle,NPC/Class_A/210212/Default,NPC/Class_A/210212,main,NPC,210212,Default,Default,True,3,0,3,0,0,0,0,3,21439,21439,0,0,0,0,101,101,0,0,0,0,199,199,0,23,0.0,95.266666,31,,5,Hero Show 已排除；Role资源池与 Role+Weapon资源池分列；Pet/Summon/Prop/InCar 分列；空值表示不可用，不等于0
character_bundle,NPC/Class_A/210213/Default,NPC/Class_A/210213,main,NPC,210213,Default,Default,True,2,0,2,0,0,0,0,2,30132,30132,0,0,0,0,79,79,0,0,0,0,176,176,0,0,0.0,0.0,18,,5,Hero Show 已排除；Role资源池与 Role+Weapon资源池分列；Pet/Summon/Prop/InCar 分列；空值表示不可用，不等于0
character_bundle,NPC/Class_A/210214/Default,NPC/Class_A/210214,main,NPC,210214,Default,Default,True,2,0,2,0,0,0,0,2,32949,32949,0,0,0,0,87,87,0,0,0,0,236,236,0,0,0.0,0.0,17,,5,Hero Show 已排除；Role资源池与 Role+Weapon资源池分列；Pet/Summon/Prop/InCar 分列；空值表示不可用，不等于0
character_bundle,NPC/Class_A/210215/Default,NPC/Class_A/210215,main,NPC,210215,Default,Default,True,2,0,2,0,0,0,0,2,48056,48056,0,0,0,0,133,133,0,0,0,0,225,225,1,1,11.533334,11.533334,13,,5,Hero Show 已排除；Role资源池与 Role+Weapon资源池分列；Pet/Summon/Prop/InCar 分列；空值表示不可用，不等于0
character_bundle,NPC/Class_A/210216/Default,NPC/Class_A/210216,main,NPC,210216,Default,Default,True,2,0,2,0,0,0,0,2,48056,48056,0,0,0,0,133,133,0,0,0,0,225,225,0,0,0.0,0.0,13,,5,Hero Show 已排除；Role资源池与 Role+Weapon资源池分列；Pet/Summon/Prop/InCar 分列；空值表示不可用，不等于0
character_bundle,NPC/Class_A/210217/Default,NPC/Class_A/210217,main,NPC,210217,Default,Default,True,3,0,3,0,0,0,0,3,73940,73940,0,0,0,0,168,168,0,0,0,0,299,299,0,1,0.0,4.666667,27,,5,Hero Show 已排除；Role资源池与 Role+Weapon资源池分列；Pet/Summon/Prop/InCar 分列；空值表示不可用，不等于0
character_bundle,NPC/Class_A/210218/Default,NPC/Class_A/210218,main,NPC,210218,Default,Default,True,1,0,1,0,0,0,0,1,34947,34947,0,0,0,0,95,95,0,0,0,0,178,178,0,5,0.0,50.799999,8,,5,Hero Show 已排除；Role资源池与 Role+Weapon资源池分列；Pet/Summon/Prop/InCar 分列；空值表示不可用，不等于0
character_bundle,NPC/Class_A/210219/Default,NPC/Class_A/210219,main,NPC,210219,Default,Default,True,1,0,1,0,0,0,0,1,34947,34947,0,0,0,0,95,95,0,0,0,0,178,178,0,0,0.0,0.0,8,,5,Hero Show 已排除；Role资源池与 Role+Weapon资源池分列；Pet/Summon/Prop/InCar 分列；空值表示不可用，不等于0
character_bundle,NPC/Class_A/210221/Default,NPC/Class_A/210221,main,NPC,210221,Default,Default,True,3,0,3,0,0,0,0,3,38419,38419,0,0,0,0,113,113,0,0,0,0,206,206,0,14,0.0,125.783333,20,,5,Hero Show 已排除；Role资源池与 Role+Weapon资源池分列；Pet/Summon/Prop/InCar 分列；空值表示不可用，不等于0
character_bundle,NPC/Class_A/210222/Default,NPC/Class_A/210222,main,NPC,210222,Default,Default,True,1,0,1,0,0,0,0,1,25438,25438,0,0,0,0,71,71,0,0,0,0,101,101,0,0,0.0,0.0,4,,5,Hero Show 已排除；Role资源池与 Role+Weapon资源池分列；Pet/Summon/Prop/InCar 分列；空值表示不可用，不等于0
character_bundle,NPC/Class_A/210223/Default,NPC/Class_A/210223,main,NPC,210223,Default,Default,True,1,0,1,0,0,0,0,1,44256,44256,0,0,0,0,100,100,0,0,0,0,187,187,2,36,12.533334,125.600003,5,,5,Hero Show 已排除；Role资源池与 Role+Weapon资源池分列；Pet/Summon/Prop/InCar 分列；空值表示不可用，不等于0
character_bundle,NPC/Class_A/210224/Default,NPC/Class_A/210224,main,NPC,210224,Default,Default,True,4,0,4,0,0,0,0,4,35218,35218,0,0,0,0,182,182,0,0,0,0,342,342,0,0,0.0,0.0,31,,5,Hero Show 已排除；Role资源池与 Role+Weapon资源池分列；Pet/Summon/Prop/InCar 分列；空值表示不可用，不等于0
character_bundle,NPC/Class_A/210225/Default,NPC/Class_A/210225,main,NPC,210225,Default,Default,True,4,0,4,0,0,0,0,4,34473,34473,0,0,0,0,182,182,0,0,0,0,349,349,0,0,0.0,0.0,31,,5,Hero Show 已排除；Role资源池与 Role+Weapon资源池分列；Pet/Summon/Prop/InCar 分列；空值表示不可用，不等于0
character_bundle,NPC/Class_A/210226/Default,NPC/Class_A/210226,main,NPC,210226,Default,Default,True,4,0,4,0,0,0,0,4,34345,34345,0,0,0,0,182,182,0,0,0,0,379,379,0,0,0.0,0.0,31,,5,Hero Show 已排除；Role资源池与 Role+Weapon资源池分列；Pet/Summon/Prop/InCar 分列；空值表示不可用，不等于0
character_bundle,NPC/Class_A/210227/Default,NPC/Class_A/210227,main,NPC,210227,Default,Default,True,4,0,4,0,0,0,0,4,33599,33599,0,0,0,0,182,182,0,0,0,0,334,334,0,0,0.0,0.0,31,,5,Hero Show 已排除；Role资源池与 Role+Weapon资源池分列；Pet/Summon/Prop/InCar 分列；空值表示不可用，不等于0
character_bundle,NPC/Class_A/210228/Default,NPC/Class_A/210228,main,NPC,210228,Default,Default,True,4,0,4,0,0,0,0,4,59098,59098,0,0,0,0,149,149,0,0,0,0,361,361,0,3,0.0,6.8,42,,5,Hero Show 已排除；Role资源池与 Role+Weapon资源池分列；Pet/Summon/Prop/InCar 分列；空值表示不可用，不等于0
character_bundle,NPC/Class_A/210229/Default,NPC/Class_A/210229,main,NPC,210229,Default,Default,True,3,0,3,0,0,0,0,3,37500,37500,0,0,0,0,103,103,0,0,0,0,197,197,0,0,0.0,0.0,21,,5,Hero Show 已排除；Role资源池与 Role+Weapon资源池分列；Pet/Summon/Prop/InCar 分列；空值表示不可用，不等于0
character_bundle,NPC/Class_A/210230/Default,NPC/Class_A/210230,main,NPC,210230,Default,Default,True,4,0,4,0,0,0,0,4,48845,48845,0,0,0,0,159,159,0,0,0,0,348,348,0,2,0.0,5.4,23,,5,Hero Show 已排除；Role资源池与 Role+Weapon资源池分列；Pet/Summon/Prop/InCar 分列；空值表示不可用，不等于0
character_bundle,NPC/Class_A/210231/Default,NPC/Class_A/210231,main,NPC,210231,Default,Default,True,5,0,5,0,0,0,0,5,43447,43447,0,0,0,0,149,149,0,0,0,0,342,342,1,47,55.599998,185.833331,24,,5,Hero Show 已排除；Role资源池与 Role+Weapon资源池分列；Pet/Summon/Prop/InCar 分列；空值表示不可用，不等于0
character_bundle,NPC/Class_A/210232/Default,NPC/Class_A/210232,main,NPC,210232,Default,Default,True,5,0,5,0,0,0,0,5,43447,43447,0,0,0,0,149,149,0,0,0,0,342,342,0,2,0.0,5.4,23,,5,Hero Show 已排除；Role资源池与 Role+Weapon资源池分列；Pet/Summon/Prop/InCar 分列；空值表示不可用，不等于0
character_bundle,NPC/Class_A/210233/Default,NPC/Class_A/210233,main,NPC,210233,Default,Default,True,4,0,4,0,0,0,0,4,52626,52626,0,0,0,0,203,203,0,0,0,0,363,363,0,3,0.0,6.7,24,,5,Hero Show 已排除；Role资源池与 Role+Weapon资源池分列；Pet/Summon/Prop/InCar 分列；空值表示不可用，不等于0
character_bundle,NPC/Class_A/210234/Default,NPC/Class_A/210234,main,NPC,210234,Default,Default,True,4,0,4,0,0,0,0,4,52758,52758,0,0,0,0,149,149,0,0,0,0,300,300,0,2,0.0,5.4,23,,5,Hero Show 已排除；Role资源池与 Role+Weapon资源池分列；Pet/Summon/Prop/InCar 分列；空值表示不可用，不等于0
character_bundle,NPC/Class_A/210235/Default,NPC/Class_A/210235,main,NPC,210235,Default,Default,True,4,0,4,0,0,0,0,4,103809,103809,0,0,0,0,189,189,0,0,0,0,404,404,0,32,0.0,145.2,48,,5,Hero Show 已排除；Role资源池与 Role+Weapon资源池分列；Pet/Summon/Prop/InCar 分列；空值表示不可用，不等于0
character_bundle,NPC/Class_A/210243/Default,NPC/Class_A/210243,main,NPC,210243,Default,Default,True,3,0,3,0,0,0,0,3,44160,44160,0,0,0,0,125,125,0,0,0,0,236,236,1,122,17.866667,762.066666,27,,5,Hero Show 已排除；Role资源池与 Role+Weapon资源池分列；Pet/Summon/Prop/InCar 分列；空值表示不可用，不等于0
character_bundle,NPC/Class_A/210244/Default,NPC/Class_A/210244,main,NPC,210244,Default,Default,True,3,0,3,0,0,0,0,3,41066,41066,0,0,0,0,125,125,0,0,0,0,217,217,0,12,0.0,71.933334,27,,5,Hero Show 已排除；Role资源池与 Role+Weapon资源池分列；Pet/Summon/Prop/InCar 分列；空值表示不可用，不等于0
character_bundle,NPC/Class_A/210245/Default,NPC/Class_A/210245,main,NPC,210245,Default,Default,True,3,0,3,0,0,0,0,3,42227,42227,0,0,0,0,109,109,0,0,0,0,254,254,0,8,0.0,31.7,27,,5,Hero Show 已排除；Role资源池与 Role+Weapon资源池分列；Pet/Summon/Prop/InCar 分列；空值表示不可用，不等于0
character_bundle,NPC/Class_A/210246/Default,NPC/Class_A/210246,main,NPC,210246,Default,Default,True,3,0,3,0,0,0,0,3,42827,42827,0,0,0,0,125,125,0,0,0,0,237,237,0,8,0.0,36.633333,27,,5,Hero Show 已排除；Role资源池与 Role+Weapon资源池分列；Pet/Summon/Prop/InCar 分列；空值表示不可用，不等于0
character_bundle,NPC/Class_A/210258/Default,NPC/Class_A/210258,main,NPC,210258,Default,Default,True,1,0,1,0,0,0,0,1,52624,52624,0,0,0,0,153,153,0,0,0,0,268,268,0,0,0.0,0.0,9,,5,Hero Show 已排除；Role资源池与 Role+Weapon资源池分列；Pet/Summon/Prop/InCar 分列；空值表示不可用，不等于0
character_bundle,NPC/Class_A/210259/Default,NPC/Class_A/210259,main,NPC,210259,Default,Default,True,2,0,2,0,0,0,0,2,76303,76303,0,0,0,0,138,138,0,0,0,0,279,279,0,0,0.0,0.0,19,,5,Hero Show 已排除；Role资源池与 Role+Weapon资源池分列；Pet/Summon/Prop/InCar 分列；空值表示不可用，不等于0
character_bundle,NPC/Class_A/210260/Default,NPC/Class_A/210260,main,NPC,210260,Default,Default,True,3,0,3,0,0,0,0,3,76463,76463,0,0,0,0,198,198,0,0,0,0,365,365,0,0,0.0,0.0,29,,5,Hero Show 已排除；Role资源池与 Role+Weapon资源池分列；Pet/Summon/Prop/InCar 分列；空值表示不可用，不等于0
character_bundle,NPC/Class_S/AlexNPC/Default,NPC/Class_S/AlexNPC,main,NPC,AlexNPC,Default,Default,True,3,0,3,0,0,0,0,3,66944,66944,0,0,0,0,153,153,0,0,0,0,275,275,233,412,666.366665,1518.099999,38,,5,Hero Show 已排除；Role资源池与 Role+Weapon资源池分列；Pet/Summon/Prop/InCar 分列；空值表示不可用，不等于0
character_bundle,NPC/Class_S/AndersenFemale/Default,NPC/Class_S/AndersenFemale,main,NPC,AndersenFemale,Default,Default,True,4,0,4,0,0,3,0,7,64421,64421,0,0,11889,0,174,174,0,0,39,0,351,351,0,68,0.0,282.199998,36,,5,Hero Show 已排除；Role资源池与 Role+Weapon资源池分列；Pet/Summon/Prop/InCar 分列；空值表示不可用，不等于0
character_bundle,NPC/Class_S/AshleyFoot/Default,NPC/Class_S/AshleyFoot,main,NPC,AshleyFoot,Default,Default,True,4,0,4,0,0,2,0,6,119722,119722,0,0,18606,0,211,211,0,0,6,0,431,431,0,64,0.0,160.266667,57,,5,Hero Show 已排除；Role资源池与 Role+Weapon资源池分列；Pet/Summon/Prop/InCar 分列；空值表示不可用，不等于0
character_bundle,NPC/Class_S/AshleyNPC/Default,NPC/Class_S/AshleyNPC,main,NPC,AshleyNPC,Default,Default,True,4,0,4,0,0,0,0,4,103986,103986,0,0,0,0,189,189,0,0,0,0,404,404,356,1855,1079.466666,9637.166661,51,,5,Hero Show 已排除；Role资源池与 Role+Weapon资源池分列；Pet/Summon/Prop/InCar 分列；空值表示不可用，不等于0
character_bundle,NPC/Class_S/AshleyWorker/Default,NPC/Class_S/AshleyWorker,main,NPC,AshleyWorker,Default,Default,True,4,0,4,0,0,0,0,4,59515,59515,0,0,0,0,149,149,0,0,0,0,361,361,0,4,0.0,17.833333,53,,5,Hero Show 已排除；Role资源池与 Role+Weapon资源池分列；Pet/Summon/Prop/InCar 分列；空值表示不可用，不等于0
character_bundle,NPC/Class_S/Augulia/Default,NPC/Class_S/Augulia,main,NPC,Augulia,Default,Default,True,4,0,4,0,0,0,0,4,80080,80080,0,0,0,0,177,177,0,0,0,0,324,324,1,64,2.733333,192.300001,37,,5,Hero Show 已排除；Role资源池与 Role+Weapon资源池分列；Pet/Summon/Prop/InCar 分列；空值表示不可用，不等于0
character_bundle,NPC/Class_S/Bellboy/Default,NPC/Class_S/Bellboy,main,NPC,Bellboy,Default,Default,True,4,0,4,0,0,0,0,4,44380,44380,0,0,0,0,62,62,0,0,0,0,84,84,7,7,37.966667,37.966667,19,,5,Hero Show 已排除；Role资源池与 Role+Weapon资源池分列；Pet/Summon/Prop/InCar 分列；空值表示不可用，不等于0
character_bundle,NPC/Class_S/BoboNPC/Default,NPC/Class_S/BoboNPC,main,NPC,BoboNPC,Default,Default,True,3,0,3,0,0,0,0,3,47335,47335,0,0,0,0,107,107,0,0,0,0,230,230,218,290,810.233334,1196.766667,34,,5,Hero Show 已排除；Role资源池与 Role+Weapon资源池分列；Pet/Summon/Prop/InCar 分列；空值表示不可用，不等于0
character_bundle,NPC/Class_A/Boris/Default,NPC/Class_A/Boris,main,NPC,Boris,Default,Default,True,3,0,3,0,0,0,0,3,34968,34968,0,0,0,0,99,99,0,0,0,0,201,201,22,174,122.333333,915.766667,30,,5,Hero Show 已排除；Role资源池与 Role+Weapon资源池分列；Pet/Summon/Prop/InCar 分列；空值表示不可用，不等于0
character_bundle,NPC/Class_A/BurgerstackMasters/Default,NPC/Class_A/BurgerstackMasters,main,NPC,BurgerstackMasters,Default,Default,True,4,0,4,0,0,0,0,4,36649,36649,0,0,0,0,102,102,0,0,0,0,199,199,0,0,0.0,0.0,34,,5,Hero Show 已排除；Role资源池与 Role+Weapon资源池分列；Pet/Summon/Prop/InCar 分列；空值表示不可用，不等于0
character_bundle,NPC/Class_S/CaesarNPC/Default,NPC/Class_S/CaesarNPC,main,NPC,CaesarNPC,Default,Default,True,3,0,3,0,0,0,0,3,39511,39511,0,0,0,0,168,168,0,0,0,0,297,297,212,273,666.666669,947.133336,31,,5,Hero Show 已排除；Role资源池与 Role+Weapon资源池分列；Pet/Summon/Prop/InCar 分列；空值表示不可用，不等于0
character_bundle,NPC/Class_S/CeremoniaryMaster/Default,NPC/Class_S/CeremoniaryMaster,main,NPC,CeremoniaryMaster,Default,Default,True,3,0,3,0,0,1,0,4,89183,89183,0,0,2420,0,285,285,0,0,2,0,452,452,1,59,3.333333,165.300002,39,,5,Hero Show 已排除；Role资源池与 Role+Weapon资源池分列；Pet/Summon/Prop/InCar 分列；空值表示不可用，不等于0
character_bundle,NPC/Class_A/CharcoalGrill/Default,NPC/Class_A/CharcoalGrill,main,NPC,CharcoalGrill,Default,Default,True,4,0,4,0,0,0,0,4,50278,50278,0,0,0,0,162,162,0,0,0,0,329,329,0,0,0.0,0.0,30,,5,Hero Show 已排除；Role资源池与 Role+Weapon资源池分列；Pet/Summon/Prop/InCar 分列；空值表示不可用，不等于0
character_bundle,NPC/Class_A/ChipmunkGrocery/Default,NPC/Class_A/ChipmunkGrocery,main,NPC,ChipmunkGrocery,Default,Default,True,4,0,4,0,0,0,0,4,39179,39179,0,0,0,0,118,118,0,0,0,0,213,213,0,0,0.0,0.0,34,,5,Hero Show 已排除；Role资源池与 Role+Weapon资源池分列；Pet/Summon/Prop/InCar 分列；空值表示不可用，不等于0
character_bundle,NPC/Class_A/CoffeeShopStaff/Default,NPC/Class_A/CoffeeShopStaff,main,NPC,CoffeeShopStaff,Default,Default,True,4,0,4,0,0,0,0,4,46855,46855,0,0,0,0,88,88,0,0,0,0,160,160,0,3,0.0,7.966667,36,,5,Hero Show 已排除；Role资源池与 Role+Weapon资源池分列；Pet/Summon/Prop/InCar 分列；空值表示不可用，不等于0
character_bundle,NPC/Class_A/Daniel/Default,NPC/Class_A/Daniel,main,NPC,Daniel,Default,Default,True,3,0,3,0,0,0,0,3,33125,33125,0,0,0,0,129,129,0,0,0,0,240,240,24,214,80.8,1280.06667,28,,5,Hero Show 已排除；Role资源池与 Role+Weapon资源池分列；Pet/Summon/Prop/InCar 分列；空值表示不可用，不等于0
character_bundle,NPC/Class_A/Deliverer/Default,NPC/Class_A/Deliverer,main,NPC,Deliverer,Default,Default,True,4,0,4,0,0,0,0,4,34844,34844,0,0,0,0,144,144,0,0,0,0,261,261,0,0,0.0,0.0,22,,5,Hero Show 已排除；Role资源池与 Role+Weapon资源池分列；Pet/Summon/Prop/InCar 分列；空值表示不可用，不等于0
character_bundle,NPC/Class_A/Edgar/Default,NPC/Class_A/Edgar,main,NPC,Edgar,Default,Default,True,3,0,3,0,0,1,0,4,43456,43456,0,0,3356,0,162,162,0,0,2,0,288,288,25,424,82.466667,2696.466668,30,,5,Hero Show 已排除；Role资源池与 Role+Weapon资源池分列；Pet/Summon/Prop/InCar 分列；空值表示不可用，不等于0
character_bundle,NPC/Class_A/EvanKing/Default,NPC/Class_A/EvanKing,main,NPC,EvanKing,Default,Default,True,4,0,4,0,0,0,0,4,27670,27670,0,0,0,0,116,116,0,0,0,0,226,226,24,24,50.533333,50.533333,30,,5,Hero Show 已排除；Role资源池与 Role+Weapon资源池分列；Pet/Summon/Prop/InCar 分列；空值表示不可用，不等于0
character_bundle,NPC/Class_A/Florina/Default,NPC/Class_A/Florina,main,NPC,Florina,Default,Default,True,4,0,4,0,0,0,0,4,31309,31309,0,0,0,0,198,198,0,0,0,0,351,351,0,0,0.0,0.0,39,,5,Hero Show 已排除；Role资源池与 Role+Weapon资源池分列；Pet/Summon/Prop/InCar 分列；空值表示不可用，不等于0
character_bundle,NPC/Class_A/Gelato/Default,NPC/Class_A/Gelato,main,NPC,Gelato,Default,Default,True,4,0,4,0,0,0,0,4,39749,39749,0,0,0,0,93,93,0,0,0,0,157,157,0,0,0.0,0.0,36,,5,Hero Show 已排除；Role资源池与 Role+Weapon资源池分列；Pet/Summon/Prop/InCar 分列；空值表示不可用，不等于0
character_bundle,NPC/Class_S/Ginkgo/Default,NPC/Class_S/Ginkgo,main,NPC,Ginkgo,Default,Default,True,4,0,4,0,0,0,0,4,53121,53121,0,0,0,0,102,102,0,0,0,0,238,238,155,178,316.733333,399.866667,34,,5,Hero Show 已排除；Role资源池与 Role+Weapon资源池分列；Pet/Summon/Prop/InCar 分列；空值表示不可用，不等于0
character_bundle,NPC/Class_A/HeartsAndArrows/Default,NPC/Class_A/HeartsAndArrows,main,NPC,HeartsAndArrows,Default,Default,True,4,0,4,0,0,0,0,4,33331,33331,0,0,0,0,138,138,0,0,0,0,238,238,5,9,12.6,31.633334,30,,5,Hero Show 已排除；Role资源池与 Role+Weapon资源池分列；Pet/Summon/Prop/InCar 分列；空值表示不可用，不等于0
character_bundle,NPC/Class_A/HoneyAndMilk/Default,NPC/Class_A/HoneyAndMilk,main,NPC,HoneyAndMilk,Default,Default,True,4,0,4,0,0,0,0,4,39745,39745,0,0,0,0,125,125,0,0,0,0,223,223,1,1,21.866667,21.866667,34,,5,Hero Show 已排除；Role资源池与 Role+Weapon资源池分列；Pet/Summon/Prop/InCar 分列；空值表示不可用，不等于0
character_bundle,NPC/Class_S/Hunt/Default,NPC/Class_S/Hunt,main,NPC,Hunt,Default,Default,True,3,0,3,0,0,1,0,4,65152,65152,0,0,5680,0,154,154,0,0,21,0,275,275,0,0,0.0,0.0,38,,5,Hero Show 已排除；Role资源池与 Role+Weapon资源池分列；Pet/Summon/Prop/InCar 分列；空值表示不可用，不等于0
character_bundle,NPC/Class_A/Jekyll/Default,NPC/Class_A/Jekyll,main,NPC,Jekyll,Default,Default,True,3,0,3,0,0,0,0,3,35804,35804,0,0,0,0,117,117,0,0,0,0,214,214,26,202,113.600001,1304.300003,30,,5,Hero Show 已排除；Role资源池与 Role+Weapon资源池分列；Pet/Summon/Prop/InCar 分列；空值表示不可用，不等于0
character_bundle,NPC/Class_A/Jon/Default,NPC/Class_A/Jon,main,NPC,Jon,Default,Default,True,4,0,4,0,0,0,0,4,35586,35586,0,0,0,0,94,94,0,0,0,0,148,148,35,35,1.166667,1.166667,24,,5,Hero Show 已排除；Role资源池与 Role+Weapon资源池分列；Pet/Summon/Prop/InCar 分列；空值表示不可用，不等于0
character_bundle,NPC/Class_A/LittleCinderella/Default,NPC/Class_A/LittleCinderella,main,NPC,LittleCinderella,Default,Default,True,4,0,4,0,0,0,0,4,27582,27582,0,0,0,0,191,191,0,0,0,0,328,328,0,0,0.0,0.0,39,,5,Hero Show 已排除；Role资源池与 Role+Weapon资源池分列；Pet/Summon/Prop/InCar 分列；空值表示不可用，不等于0
character_bundle,NPC/Class_A/MarkedWorker/Default,NPC/Class_A/MarkedWorker,main,NPC,MarkedWorker,Default,Default,True,6,0,6,0,0,0,0,6,54080,54080,0,0,0,0,126,126,0,0,0,0,410,410,0,9,0.0,43.433333,25,,5,Hero Show 已排除；Role资源池与 Role+Weapon资源池分列；Pet/Summon/Prop/InCar 分列；空值表示不可用，不等于0
character_bundle,NPC/Class_A/Miya/Default,NPC/Class_A/Miya,main,NPC,Miya,Default,Default,True,4,0,4,0,0,0,0,4,28519,28519,0,0,0,0,174,174,0,0,0,0,328,328,0,0,0.0,0.0,39,,5,Hero Show 已排除；Role资源池与 Role+Weapon资源池分列；Pet/Summon/Prop/InCar 分列；空值表示不可用，不等于0
character_bundle,NPC/Class_S/MrsCosmos/Default,NPC/Class_S/MrsCosmos,main,NPC,MrsCosmos,Default,Default,True,4,0,4,0,0,0,0,4,60790,60790,0,0,0,0,138,138,0,0,0,0,310,310,264,308,833.466667,1140.166667,44,,5,Hero Show 已排除；Role资源池与 Role+Weapon资源池分列；Pet/Summon/Prop/InCar 分列；空值表示不可用，不等于0
character_bundle,NPC/Class_S/MrWatch/Default,NPC/Class_S/MrWatch,main,NPC,MrWatch,Default,Default,True,4,0,4,0,0,2,0,6,50080,50080,0,0,7003,0,159,159,0,0,13,0,309,309,309,488,1027.733338,2434.533342,41,,5,Hero Show 已排除；Role资源池与 Role+Weapon资源池分列；Pet/Summon/Prop/InCar 分列；空值表示不可用，不等于0
character_bundle,NPC/Class_S/MyBarley/Default,NPC/Class_S/MyBarley,main,NPC,MyBarley,Default,Default,True,1,0,1,0,0,0,0,1,25022,25022,0,0,0,0,129,129,0,0,0,0,207,207,0,0,0.0,0.0,15,,5,Hero Show 已排除；Role资源池与 Role+Weapon资源池分列；Pet/Summon/Prop/InCar 分列；空值表示不可用，不等于0
character_bundle,NPC/Class_A/NightfallBoozers/Default,NPC/Class_A/NightfallBoozers,main,NPC,NightfallBoozers,Default,Default,True,3,0,3,0,0,0,0,3,50048,50048,0,0,0,0,178,178,0,0,0,0,298,298,0,0,0.0,0.0,26,,5,Hero Show 已排除；Role资源池与 Role+Weapon资源池分列；Pet/Summon/Prop/InCar 分列；空值表示不可用，不等于0
character_bundle,NPC/Class_A/Pierre/Default,NPC/Class_A/Pierre,main,NPC,Pierre,Default,Default,True,4,0,4,0,0,0,0,4,54216,54216,0,0,0,0,214,214,0,0,0,0,358,358,0,0,0.0,0.0,31,,5,Hero Show 已排除；Role资源池与 Role+Weapon资源池分列；Pet/Summon/Prop/InCar 分列；空值表示不可用，不等于0
character_bundle,NPC/Class_A/Pixy/Default,NPC/Class_A/Pixy,main,NPC,Pixy,Default,Default,True,4,0,4,0,0,1,0,5,38871,38871,0,0,6190,0,95,95,0,0,26,0,189,189,315,525,626.650004,1493.150004,38,,5,Hero Show 已排除；Role资源池与 Role+Weapon资源池分列；Pet/Summon/Prop/InCar 分列；空值表示不可用，不等于0
character_bundle,NPC/Class_A/QuarterPastEight/Default,NPC/Class_A/QuarterPastEight,main,NPC,QuarterPastEight,Default,Default,True,3,0,3,0,0,0,0,3,40558,40558,0,0,0,0,142,142,0,0,0,0,233,233,0,0,0.0,0.0,26,,5,Hero Show 已排除；Role资源池与 Role+Weapon资源池分列；Pet/Summon/Prop/InCar 分列；空值表示不可用，不等于0
character_bundle,NPC/Class_A/Rachel/Default,NPC/Class_A/Rachel,main,NPC,Rachel,Default,Default,True,4,0,4,0,0,0,0,4,28925,28925,0,0,0,0,186,186,0,0,0,0,324,324,0,0,0.0,0.0,35,,5,Hero Show 已排除；Role资源池与 Role+Weapon资源池分列；Pet/Summon/Prop/InCar 分列；空值表示不可用，不等于0
character_bundle,NPC/Class_A/RacingKnight/Default,NPC/Class_A/RacingKnight,main,NPC,RacingKnight,Default,Default,True,1,0,1,0,0,0,0,1,80493,80493,0,0,0,0,151,151,0,0,0,0,252,252,40,40,30.85,30.85,1,,5,Hero Show 已排除；Role资源池与 Role+Weapon资源池分列；Pet/Summon/Prop/InCar 分列；空值表示不可用，不等于0
character_bundle,NPC/Class_A/Rohm/Default,NPC/Class_A/Rohm,main,NPC,Rohm,Default,Default,True,3,0,3,0,0,2,0,5,35390,35390,0,0,6416,0,130,130,0,0,22,0,248,248,27,143,103.466667,608.399994,31,,5,Hero Show 已排除；Role资源池与 Role+Weapon资源池分列；Pet/Summon/Prop/InCar 分列；空值表示不可用，不等于0
character_bundle,NPC/Class_A/Solferino/Default,NPC/Class_A/Solferino,main,NPC,Solferino,Default,Default,True,4,0,4,0,0,0,0,4,42699,42699,0,0,0,0,129,129,0,0,0,0,264,264,5,47,12.6,273.233334,30,,5,Hero Show 已排除；Role资源池与 Role+Weapon资源池分列；Pet/Summon/Prop/InCar 分列；空值表示不可用，不等于0
character_bundle,NPC/Class_A/SundayLounge/Default,NPC/Class_A/SundayLounge,main,NPC,SundayLounge,Default,Default,True,3,0,3,0,0,0,0,3,37122,37122,0,0,0,0,189,189,0,0,0,0,324,324,0,0,0.0,0.0,26,,5,Hero Show 已排除；Role资源池与 Role+Weapon资源池分列；Pet/Summon/Prop/InCar 分列；空值表示不可用，不等于0
character_bundle,NPC/Class_A/TheVentus/Default,NPC/Class_A/TheVentus,main,NPC,TheVentus,Default,Default,True,4,0,4,0,0,0,0,4,48847,48847,0,0,0,0,159,159,0,0,0,0,348,348,1,1,28.333334,28.333334,23,,5,Hero Show 已排除；Role资源池与 Role+Weapon资源池分列；Pet/Summon/Prop/InCar 分列；空值表示不可用，不等于0
character_bundle,NPC/Class_S/Toxic/Default,NPC/Class_S/Toxic,main,NPC,Toxic,Default,Default,True,4,0,4,0,0,0,0,4,66474,66474,0,0,0,0,182,182,0,0,0,0,346,346,0,0,0.0,0.0,38,,5,Hero Show 已排除；Role资源池与 Role+Weapon资源池分列；Pet/Summon/Prop/InCar 分列；空值表示不可用，不等于0
character_bundle,NPC/Class_A/VoicepipeCafe/Default,NPC/Class_A/VoicepipeCafe,main,NPC,VoicepipeCafe,Default,Default,True,4,0,4,0,0,0,0,4,38396,38396,0,0,0,0,129,129,0,0,0,0,242,242,0,0,0.0,0.0,33,,5,Hero Show 已排除；Role资源池与 Role+Weapon资源池分列；Pet/Summon/Prop/InCar 分列；空值表示不可用，不等于0
character_bundle,NPC/Class_A/WisdomBooks/Default,NPC/Class_A/WisdomBooks,main,NPC,WisdomBooks,Default,Default,True,3,0,3,0,0,0,0,3,37430,37430,0,0,0,0,179,179,0,0,0,0,309,309,0,0,0.0,0.0,26,,5,Hero Show 已排除；Role资源池与 Role+Weapon资源池分列；Pet/Summon/Prop/InCar 分列；空值表示不可用，不等于0
scene_category,大建筑,,,大建筑,大建筑,,,,,,,,,,,3798,,6711976,,,,,,,,,,,,,,,,,3907,6,,LOD0 中位数=606.0; P90=3399（90%的模型不超过此值）; 最大=280240（易受少量离群资产影响，不用于代表常态）
scene_category,植被,,,植被,植被,,,,,,,,,,,145,,316083,,,,,,,,,,,,,,,,,538,0,,LOD0 中位数=1172.0; P90=5766（90%的模型不超过此值）; 最大=15657（易受少量离群资产影响，不用于代表常态）
scene_category,其他,,,其他,其他,,,,,,,,,,,2776,,5946414,,,,,,,,,,,,,,,,,5532,7,,LOD0 中位数=780.0; P90=4101（90%的模型不超过此值）; 最大=122024（易受少量离群资产影响，不用于代表常态）
